deploy_id,ptt,instr,date,datetime,type,quality,latitude,longitude,error_radius,error_semi_major_axis,error_semi_minor_axis,error_ellipse_orientation,offset,offset_orientation,gpe_msd,gpe_u,count,comment
Lupita,167775,Mk10,01:46:45 25-Mar-2017,2017-03-25T01:46:45Z,Argos,1,37.8127,-122.5215,518,1337,200,47,NA,NA,NA,NA,NA,NA
Lupita,167775,Mk10,01:57:15 25-Mar-2017,2017-03-25T01:57:15Z,Argos,2,37.8347,-122.5268,420,2438,72,77,NA,NA,NA,NA,NA,NA
Lupita,167775,Mk10,02:40:49 25-Mar-2017,2017-03-25T02:40:49Z,Argos,B,37.8497,-122.532,1445,2319,899,81,NA,NA,NA,NA,NA,NA
Lupita,167775,Mk10,03:25:19 25-Mar-2017,2017-03-25T03:25:19Z,Argos,A,37.8793,-122.5359,176,349,88,67,NA,NA,NA,NA,NA,NA
Lupita,167775,Mk10,17:47:45 05-Apr-2017,2017-04-05T17:47:45Z,Argos,0,28.9027,-118.399,1621,22756,115,102,NA,NA,NA,NA,NA,NA
Lupita,167775,Mk10,22:24:15 05-Apr-2017,2017-04-05T22:24:15Z,Argos,0,28.8773,-118.2899,2050,11213,374,86,NA,NA,NA,NA,NA,NA
Lupita,167775,Mk10,00:09:04 06-Apr-2017,2017-04-06T00:09:04Z,Argos,B,28.8926,-118.2958,6084,18089,2046,39,NA,NA,NA,NA,NA,NA
Lupita,167775,Mk10,00:34:16 06-Apr-2017,2017-04-06T00:34:16Z,Argos,B,28.8926,-118.299,1461,3852,554,3,NA,NA,NA,NA,NA,NA
Lupita,167775,Mk10,01:56:03 06-Apr-2017,2017-04-06T01:56:03Z,Argos,A,28.8812,-118.2944,276,540,141,172,NA,NA,NA,NA,NA,NA
Lupita,167775,Mk10,01:59:03 06-Apr-2017,2017-04-06T01:59:03Z,Argos,3,28.8823,-118.2932,185,829,41,86,NA,NA,NA,NA,NA,NA
Lupita,167775,Mk10,02:10:07 06-Apr-2017,2017-04-06T02:10:07Z,Argos,0,28.8824,-118.2914,1609,16673,155,100,NA,NA,NA,NA,NA,NA
Lupita,167775,Mk10,03:42:14 06-Apr-2017,2017-04-06T03:42:14Z,Argos,A,28.8827,-118.2884,552,764,399,179,NA,NA,NA,NA,NA,NA
Lupita,167775,Mk10,01:33:58 07-Apr-2017,2017-04-07T01:33:58Z,Argos,B,28.8685,-118.2522,3573,15973,799,53,NA,NA,NA,NA,NA,NA
Lupita,167775,Mk10,01:39:13 07-Apr-2017,2017-04-07T01:39:13Z,Argos,0,28.9046,-118.2653,2434,6360,931,16,NA,NA,NA,NA,NA,NA
Lupita,167775,Mk10,01:48:27 07-Apr-2017,2017-04-07T01:48:27Z,Argos,3,28.8731,-118.2653,186,368,93,136,NA,NA,NA,NA,NA,NA
Lupita,167775,Mk10,04:39:29 07-Apr-2017,2017-04-07T04:39:29Z,Argos,3,28.886,-118.2597,142,493,41,70,NA,NA,NA,NA,NA,NA
Lupita,167775,Mk10,01:03:04 08-Apr-2017,2017-04-08T01:03:04Z,Argos,B,28.9039,-118.13,3668,10073,1335,95,NA,NA,NA,NA,NA,NA
Lupita,167775,Mk10,01:15:49 08-Apr-2017,2017-04-08T01:15:49Z,Argos,B,28.9133,-118.165,4616,93369,228,104,NA,NA,NA,NA,NA,NA
Lupita,167775,Mk10,01:33:49 08-Apr-2017,2017-04-08T01:33:49Z,Argos,B,28.9239,-118.2668,7397,199886,273,78,NA,NA,NA,NA,NA,NA
Lupita,167775,Mk10,04:18:22 08-Apr-2017,2017-04-08T04:18:22Z,Argos,3,28.9621,-118.2218,148,224,98,66,NA,NA,NA,NA,NA,NA
Lupita,167775,Mk10,05:16:07 08-Apr-2017,2017-04-08T05:16:07Z,Argos,B,28.9582,-118.2404,746,9635,57,80,NA,NA,NA,NA,NA,NA
Lupita,167775,Mk10,01:23:56 09-Apr-2017,2017-04-09T01:23:56Z,Argos,B,28.9601,-118.2243,1646,25851,104,139,NA,NA,NA,NA,NA,NA
Lupita,167775,Mk10,02:18:01 09-Apr-2017,2017-04-09T02:18:01Z,Argos,B,28.9676,-118.2409,1720,3827,773,132,NA,NA,NA,NA,NA,NA
Lupita,167775,Mk10,02:18:01 09-Apr-2017,2017-04-09T02:18:01Z,Argos,B,28.9617,-118.236,3250,13889,760,139,NA,NA,NA,NA,NA,NA
Lupita,167775,Mk10,03:58:41 09-Apr-2017,2017-04-09T03:58:41Z,Argos,2,28.9445,-118.2389,446,1172,169,136,NA,NA,NA,NA,NA,NA
Lupita,167775,Mk10,04:49:46 09-Apr-2017,2017-04-09T04:49:46Z,Argos,A,28.9331,-118.2476,788,2206,281,98,NA,NA,NA,NA,NA,NA
Lupita,167775,Mk10,01:10:47 10-Apr-2017,2017-04-10T01:10:47Z,Argos,A,28.9104,-118.2223,490,1771,135,25,NA,NA,NA,NA,NA,NA
Lupita,167775,Mk10,01:51:13 10-Apr-2017,2017-04-10T01:51:13Z,Argos,B,28.9062,-118.2273,914,975,855,90,NA,NA,NA,NA,NA,NA
Lupita,167775,Mk10,01:51:13 10-Apr-2017,2017-04-10T01:51:13Z,Argos,B,28.9069,-118.227,1000,1159,863,39,NA,NA,NA,NA,NA,NA
Lupita,167775,Mk10,02:49:13 10-Apr-2017,2017-04-10T02:49:13Z,Argos,B,28.9028,-118.2347,1434,1553,1323,59,NA,NA,NA,NA,NA,NA
Lupita,167775,Mk10,04:32:56 10-Apr-2017,2017-04-10T04:32:56Z,Argos,B,28.8966,-118.2411,1720,3270,904,78,NA,NA,NA,NA,NA,NA
Lupita,167775,Mk10,05:17:11 10-Apr-2017,2017-04-10T05:17:11Z,Argos,A,28.8966,-118.2464,187,664,52,96,NA,NA,NA,NA,NA,NA
Lupita,167775,Mk10,01:21:04 11-Apr-2017,2017-04-11T01:21:04Z,Argos,B,28.9103,-118.3539,2797,40632,192,102,NA,NA,NA,NA,NA,Lon > 4 deviations from mean
Lupita,167775,Mk10,01:30:04 11-Apr-2017,2017-04-11T01:30:04Z,Argos,A,28.8861,-118.2714,168,430,65,83,NA,NA,NA,NA,NA,NA
Lupita,167775,Mk10,02:41:19 11-Apr-2017,2017-04-11T02:41:19Z,Argos,3,28.8853,-118.2647,150,429,52,90,NA,NA,NA,NA,NA,NA
Lupita,167775,Mk10,02:56:19 11-Apr-2017,2017-04-11T02:56:19Z,Argos,A,28.8848,-118.266,178,262,120,179,NA,NA,NA,NA,NA,NA
Lupita,167775,Mk10,03:10:55 11-Apr-2017,2017-04-11T03:10:55Z,Argos,B,28.8843,-118.266,548,618,485,91,NA,NA,NA,NA,NA,NA
Lupita,167775,Mk10,04:55:36 11-Apr-2017,2017-04-11T04:55:36Z,Argos,A,28.894,-118.2468,376,1333,106,70,NA,NA,NA,NA,NA,NA
Lupita,167775,Mk10,01:05:19 12-Apr-2017,2017-04-12T01:05:19Z,Argos,A,28.9052,-118.2432,191,286,126,0,NA,NA,NA,NA,NA,NA
Lupita,167775,Mk10,02:22:42 12-Apr-2017,2017-04-12T02:22:42Z,Argos,2,28.9044,-118.2378,353,1203,103,123,NA,NA,NA,NA,NA,NA
Lupita,167775,Mk10,02:32:25 12-Apr-2017,2017-04-12T02:32:25Z,Argos,3,28.906,-118.2407,174,1254,24,78,NA,NA,NA,NA,NA,NA
Lupita,167775,Mk10,04:37:10 12-Apr-2017,2017-04-12T04:37:10Z,Argos,B,28.907,-118.2357,1305,2262,753,81,NA,NA,NA,NA,NA,NA
Lupita,167775,Mk10,13:28:35 12-Apr-2017,2017-04-12T13:28:35Z,Argos,B,28.881,-118.2308,2916,4871,1745,109,NA,NA,NA,NA,NA,NA
Lupita,167775,Mk10,13:36:05 12-Apr-2017,2017-04-12T13:36:05Z,Argos,A,28.8956,-118.2459,975,32636,29,80,NA,NA,NA,NA,NA,NA
Lupita,167775,Mk10,01:57:49 13-Apr-2017,2017-04-13T01:57:49Z,Argos,B,28.9054,-118.2073,3072,6284,1501,117,NA,NA,NA,NA,NA,NA
Lupita,167775,Mk10,02:17:22 13-Apr-2017,2017-04-13T02:17:22Z,Argos,3,28.8952,-118.2436,189,456,78,134,NA,NA,NA,NA,NA,NA
Lupita,167775,Mk10,02:18:39 13-Apr-2017,2017-04-13T02:18:39Z,Argos,3,28.8964,-118.2443,182,565,58,76,NA,NA,NA,NA,NA,NA
Lupita,167775,Mk10,04:15:47 13-Apr-2017,2017-04-13T04:15:47Z,Argos,2,28.8652,-118.2307,470,689,320,82,NA,NA,NA,NA,NA,NA
Lupita,167775,Mk10,01:27:05 14-Apr-2017,2017-04-14T01:27:05Z,Argos,B,28.7747,-118.1442,12846,29154,5659,121,NA,NA,NA,NA,NA,NA
Lupita,167775,Mk10,01:55:35 14-Apr-2017,2017-04-14T01:55:35Z,Argos,3,28.8808,-118.2927,182,748,44,75,NA,NA,NA,NA,NA,NA
Lupita,167775,Mk10,02:06:05 14-Apr-2017,2017-04-14T02:06:05Z,Argos,B,28.8801,-118.2914,476,603,375,84,NA,NA,NA,NA,NA,NA
Lupita,167775,Mk10,03:01:05 14-Apr-2017,2017-04-14T03:01:05Z,Argos,2,28.8845,-118.298,276,1426,53,87,NA,NA,NA,NA,NA,NA
Lupita,167775,Mk10,03:48:19 14-Apr-2017,2017-04-14T03:48:19Z,Argos,B,28.8807,-118.3229,679,2012,229,174,NA,NA,NA,NA,NA,NA
Lupita,167775,Mk10,03:54:14 14-Apr-2017,2017-04-14T03:54:14Z,Argos,B,28.8808,-118.323,757,1500,382,174,NA,NA,NA,NA,NA,NA
Lupita,167775,Mk10,04:46:26 14-Apr-2017,2017-04-14T04:46:26Z,Argos,B,28.8536,-118.3288,1241,1646,935,149,NA,NA,NA,NA,NA,NA
Lupita,167775,Mk10,05:29:38 14-Apr-2017,2017-04-14T05:29:38Z,Argos,B,28.8522,-118.3298,1541,1805,1315,145,NA,NA,NA,NA,NA,NA
Lupita,167775,Mk10,01:28:35 15-Apr-2017,2017-04-15T01:28:35Z,Argos,B,28.8714,-118.3486,3121,157128,62,80,NA,NA,NA,NA,NA,NA
Lupita,167775,Mk10,01:54:05 15-Apr-2017,2017-04-15T01:54:05Z,Argos,A,28.8795,-118.2983,338,2290,49,65,NA,NA,NA,NA,NA,NA
Lupita,167775,Mk10,02:32:20 15-Apr-2017,2017-04-15T02:32:20Z,Argos,3,28.8791,-118.2951,157,382,64,90,NA,NA,NA,NA,NA,NA
Lupita,167775,Mk10,03:32:38 15-Apr-2017,2017-04-15T03:32:38Z,Argos,0,36.5613,-74.5528,59116,93263,37470,47,NA,NA,NA,NA,NA,Lat > 4 deviations from mean
Lupita,167775,Mk10,04:29:45 15-Apr-2017,2017-04-15T04:29:45Z,Argos,Z,32.1559,-101.2042,44234,116752,16759,79,NA,NA,NA,NA,NA,Lat > 4 deviations from mean
Lupita,167775,Mk10,05:14:00 15-Apr-2017,2017-04-15T05:14:00Z,Argos,2,28.8806,-118.2919,254,775,83,79,NA,NA,NA,NA,NA,NA
Lupita,167775,Mk10,13:41:20 15-Apr-2017,2017-04-15T13:41:20Z,Argos,B,28.8811,-118.2936,2701,59877,121,71,NA,NA,NA,NA,NA,NA
Lupita,167775,Mk10,02:00:05 16-Apr-2017,2017-04-16T02:00:05Z,Argos,A,28.8808,-118.2957,310,1216,78,112,NA,NA,NA,NA,NA,NA
Lupita,167775,Mk10,02:42:05 16-Apr-2017,2017-04-16T02:42:05Z,Argos,B,28.881,-118.2959,1004,1197,841,89,NA,NA,NA,NA,NA,NA
Lupita,167775,Mk10,03:27:14 16-Apr-2017,2017-04-16T03:27:14Z,Argos,B,28.8798,-118.2975,1251,1465,1067,100,NA,NA,NA,NA,NA,NA
Lupita,167775,Mk10,04:12:05 16-Apr-2017,2017-04-16T04:12:05Z,Argos,B,28.8942,-118.318,1054,3258,340,67,NA,NA,NA,NA,NA,NA
Lupita,167775,Mk10,04:55:03 16-Apr-2017,2017-04-16T04:55:03Z,Argos,B,28.8974,-118.3244,1265,2945,543,76,NA,NA,NA,NA,NA,NA
Lupita,167775,Mk10,05:47:11 16-Apr-2017,2017-04-16T05:47:11Z,Argos,B,28.9013,-118.3334,1615,2722,958,78,NA,NA,NA,NA,NA,NA
Lupita,167775,Mk10,01:27:05 17-Apr-2017,2017-04-17T01:27:05Z,Argos,3,28.8807,-118.2978,139,173,111,114,NA,NA,NA,NA,NA,NA
Lupita,167775,Mk10,01:30:05 17-Apr-2017,2017-04-17T01:30:05Z,Argos,3,28.88,-118.296,146,158,135,55,NA,NA,NA,NA,NA,NA
Lupita,167775,Mk10,02:21:05 17-Apr-2017,2017-04-17T02:21:05Z,Argos,3,28.881,-118.2934,121,179,81,99,NA,NA,NA,NA,NA,NA
Lupita,167775,Mk10,02:21:05 17-Apr-2017,2017-04-17T02:21:05Z,Argos,3,28.881,-118.2934,121,179,81,99,NA,NA,NA,NA,NA,NA
Lupita,167775,Mk10,03:10:35 17-Apr-2017,2017-04-17T03:10:35Z,Argos,B,28.8815,-118.2945,656,3779,114,20,NA,NA,NA,NA,NA,NA
Lupita,167775,Mk10,03:14:06 17-Apr-2017,2017-04-17T03:14:06Z,Argos,A,28.8821,-118.2919,201,473,85,43,NA,NA,NA,NA,NA,NA
Lupita,167775,Mk10,05:30:48 17-Apr-2017,2017-04-17T05:30:48Z,Argos,B,28.8799,-118.3063,1548,1882,1273,98,NA,NA,NA,NA,NA,NA
Lupita,167775,Mk10,01:00:05 18-Apr-2017,2017-04-18T01:00:05Z,Argos,B,28.8724,-118.3113,1997,31055,128,49,NA,NA,NA,NA,NA,NA
Lupita,167775,Mk10,01:19:35 18-Apr-2017,2017-04-18T01:19:35Z,Argos,A,28.8805,-118.2969,313,651,149,162,NA,NA,NA,NA,NA,NA
Lupita,167775,Mk10,01:57:05 18-Apr-2017,2017-04-18T01:57:05Z,Argos,3,28.8813,-118.2924,139,540,35,75,NA,NA,NA,NA,NA,NA
Lupita,167775,Mk10,02:39:40 18-Apr-2017,2017-04-18T02:39:40Z,Argos,3,28.881,-118.292,153,249,93,91,NA,NA,NA,NA,NA,NA
Lupita,167775,Mk10,02:58:35 18-Apr-2017,2017-04-18T02:58:35Z,Argos,B,28.8808,-118.2918,1034,1183,903,86,NA,NA,NA,NA,NA,NA
Lupita,167775,Mk10,05:07:39 18-Apr-2017,2017-04-18T05:07:39Z,Argos,B,28.9149,-118.3301,2285,14303,364,57,NA,NA,NA,NA,NA,NA
Lupita,167775,Mk10,05:51:28 18-Apr-2017,2017-04-18T05:51:28Z,Argos,B,28.8788,-118.3845,2164,23103,202,99,NA,NA,NA,NA,NA,NA
Lupita,167775,Mk10,01:12:05 19-Apr-2017,2017-04-19T01:12:05Z,Argos,B,28.5128,-118.7195,7219,12017,4336,52,NA,NA,NA,NA,NA,Lat > 4 deviations from mean
Lupita,167775,Mk10,01:29:20 19-Apr-2017,2017-04-19T01:29:20Z,Argos,0,28.8753,-118.3323,4645,24277,888,71,NA,NA,NA,NA,NA,NA
Lupita,167775,Mk10,02:13:00 19-Apr-2017,2017-04-19T02:13:00Z,Argos,2,28.8844,-118.3065,314,3248,30,101,NA,NA,NA,NA,NA,NA
Lupita,167775,Mk10,02:44:35 19-Apr-2017,2017-04-19T02:44:35Z,Argos,B,28.5047,-118.7643,9699,16851,5582,54,NA,NA,NA,NA,NA,Lat > 4 deviations from mean
Lupita,167775,Mk10,03:48:54 19-Apr-2017,2017-04-19T03:48:54Z,Argos,B,28.7429,-118.4833,6336,8344,4810,81,NA,NA,NA,NA,NA,NA
Lupita,167775,Mk10,03:48:54 19-Apr-2017,2017-04-19T03:48:54Z,Argos,B,28.7206,-118.6353,3475,7625,1583,76,NA,NA,NA,NA,NA,Lat > 4 deviations from mean
Lupita,167775,Mk10,01:03:05 20-Apr-2017,2017-04-20T01:03:05Z,Argos,B,28.8838,-118.2771,25878,600431,1115,80,NA,NA,NA,NA,NA,NA
Lupita,167775,Mk10,01:36:05 20-Apr-2017,2017-04-20T01:36:05Z,Argos,A,28.8836,-118.2991,746,1112,500,23,NA,NA,NA,NA,NA,NA
Lupita,167775,Mk10,02:38:20 20-Apr-2017,2017-04-20T02:38:20Z,Argos,3,28.8807,-118.2954,143,375,54,79,NA,NA,NA,NA,NA,NA
Lupita,167775,Mk10,02:45:50 20-Apr-2017,2017-04-20T02:45:50Z,Argos,2,28.8839,-118.2929,252,794,79,68,NA,NA,NA,NA,NA,NA
Lupita,167775,Mk10,03:16:35 20-Apr-2017,2017-04-20T03:16:35Z,Argos,A,28.8805,-118.2943,324,794,132,38,NA,NA,NA,NA,NA,NA
Lupita,167775,Mk10,03:35:49 20-Apr-2017,2017-04-20T03:35:49Z,Argos,B,28.8795,-118.2917,1393,1683,1152,57,NA,NA,NA,NA,NA,NA
Lupita,167775,Mk10,01:50:41 22-Apr-2017,2017-04-22T01:50:41Z,Argos,B,28.9375,-118.1975,5121,85655,306,60,NA,NA,NA,NA,NA,NA
Lupita,167775,Mk10,04:25:35 22-Apr-2017,2017-04-22T04:25:35Z,Argos,B,28.9023,-118.2424,6329,19192,2087,61,NA,NA,NA,NA,NA,NA
Lupita,167775,Mk10,01:33:43 23-Apr-2017,2017-04-23T01:33:43Z,Argos,B,29.8686,-118.2334,129207,NA,NA,NA,NA,NA,NA,NA,NA,NA
Lupita,167775,Mk10,01:42:14 23-Apr-2017,2017-04-23T01:42:14Z,Argos,B,29.4027,-118.8625,30465,280069,3313,108,NA,NA,NA,NA,NA,NA
Lupita,167775,Mk10,03:22:26 23-Apr-2017,2017-04-23T03:22:26Z,Argos,B,29.4092,-118.8745,73199,99029,54105,109,NA,NA,NA,NA,NA,NA
Lupita,167775,Mk10,04:07:53 23-Apr-2017,2017-04-23T04:07:53Z,Argos,1,29.4815,-118.9869,1014,2342,438,110,NA,NA,NA,NA,NA,NA
Lupita,167775,Mk10,05:00:28 23-Apr-2017,2017-04-23T05:00:28Z,Argos,B,29.5122,-119.029,4977,5793,4275,91,NA,NA,NA,NA,NA,NA
Lupita,167775,Mk10,01:12:20 24-Apr-2017,2017-04-24T01:12:20Z,Argos,B,30.108,-119.4355,5546,16279,1889,160,NA,NA,NA,NA,NA,NA
Lupita,167775,Mk10,01:52:27 24-Apr-2017,2017-04-24T01:52:27Z,Argos,B,30.0529,-119.4341,3731,4591,3032,83,NA,NA,NA,NA,NA,NA
Lupita,167775,Mk10,02:45:55 24-Apr-2017,2017-04-24T02:45:55Z,Argos,B,30.0504,-119.4344,6189,9581,3997,108,NA,NA,NA,NA,NA,NA
Lupita,167775,Mk10,02:53:28 24-Apr-2017,2017-04-24T02:53:28Z,Argos,Z,30.9677,-119.9716,4590,11413,1845,102,NA,NA,NA,NA,NA,NA
Lupita,167775,Mk10,03:46:11 24-Apr-2017,2017-04-24T03:46:11Z,Argos,B,30.053,-119.4685,1268,14237,113,16,NA,NA,NA,NA,NA,NA
Lupita,167775,Mk10,01:36:54 25-Apr-2017,2017-04-25T01:36:54Z,Argos,0,30.5176,-119.6273,2011,3677,1100,36,NA,NA,NA,NA,NA,NA
Lupita,167775,Mk10,02:22:43 25-Apr-2017,2017-04-25T02:22:43Z,Argos,B,30.5133,-119.6333,157,522,47,75,NA,NA,NA,NA,NA,NA
Lupita,167775,Mk10,02:22:43 25-Apr-2017,2017-04-25T02:22:43Z,Argos,B,30.5164,-119.6461,5984,64983,551,104,NA,NA,NA,NA,NA,NA
Lupita,167775,Mk10,03:31:12 25-Apr-2017,2017-04-25T03:31:12Z,Argos,B,30.5194,-119.6605,1117,1328,938,80,NA,NA,NA,NA,NA,NA
Lupita,167775,Mk10,13:02:34 25-Apr-2017,2017-04-25T13:02:34Z,Argos,B,30.7794,-119.9559,3046,12270,756,62,NA,NA,NA,NA,NA,NA
Lupita,167775,Mk10,01:27:06 26-Apr-2017,2017-04-26T01:27:06Z,Argos,B,31.1047,-120.1495,6788,13765,3347,97,NA,NA,NA,NA,NA,NA
Lupita,167775,Mk10,01:55:25 26-Apr-2017,2017-04-26T01:55:25Z,Argos,B,31.095,-119.9097,17360,125903,2393,105,NA,NA,NA,NA,NA,NA
Lupita,167775,Mk10,04:07:28 26-Apr-2017,2017-04-26T04:07:28Z,Argos,B,31.1313,-119.9571,8197,29189,2302,103,NA,NA,NA,NA,NA,NA
Lupita,167775,Mk10,02:49:24 28-Apr-2017,2017-04-28T02:49:24Z,Argos,B,32.0381,-120.9127,4184,508948,34,80,NA,NA,NA,NA,NA,NA
Lupita,167775,Mk10,04:01:37 28-Apr-2017,2017-04-28T04:01:37Z,Argos,B,32.062,-120.9242,4224,24924,715,80,NA,NA,NA,NA,NA,NA
Lupita,167775,Mk10,04:05:55 28-Apr-2017,2017-04-28T04:05:55Z,Argos,B,32.106,-120.7135,1901,18183,198,75,NA,NA,NA,NA,NA,NA
Lupita,167775,Mk10,01:52:32 29-Apr-2017,2017-04-29T01:52:32Z,Argos,B,32.4556,-120.9249,5079,7712,3344,56,NA,NA,NA,NA,NA,NA
Lupita,167775,Mk10,02:41:11 29-Apr-2017,2017-04-29T02:41:11Z,Argos,B,32.4918,-120.9489,19470,26704,14195,38,NA,NA,NA,NA,NA,NA
Lupita,167775,Mk10,03:34:31 29-Apr-2017,2017-04-29T03:34:31Z,Argos,B,32.6437,-120.9155,17108,38384,7624,115,NA,NA,NA,NA,NA,NA
Lupita,167775,Mk10,01:23:53 30-Apr-2017,2017-04-30T01:23:53Z,Argos,B,33.2787,-120.6135,11403,19875,6542,165,NA,NA,NA,NA,NA,NA
Lupita,167775,Mk10,01:57:25 30-Apr-2017,2017-04-30T01:57:25Z,Argos,B,32.9572,-121.1268,11484,23235,5676,56,NA,NA,NA,NA,NA,NA
Lupita,167775,Mk10,03:01:53 30-Apr-2017,2017-04-30T03:01:53Z,Argos,B,33.0626,-121.1148,13379,17708,10108,87,NA,NA,NA,NA,NA,NA
Lupita,167775,Mk10,04:16:25 30-Apr-2017,2017-04-30T04:16:25Z,Argos,B,33.1712,-121.1168,11593,15711,8554,106,NA,NA,NA,NA,NA,NA
Lupita,167775,Mk10,01:28:09 01-May-2017,2017-05-01T01:28:09Z,Argos,B,33.2885,-121.077,8090,131637,497,97,NA,NA,NA,NA,NA,NA
Lupita,167775,Mk10,02:12:25 01-May-2017,2017-05-01T02:12:25Z,Argos,B,33.3405,-121.1367,1898,11794,305,163,NA,NA,NA,NA,NA,NA
Lupita,167775,Mk10,02:36:15 01-May-2017,2017-05-01T02:36:15Z,Argos,B,33.3204,-121.1327,1987,3145,1255,164,NA,NA,NA,NA,NA,NA
Lupita,167775,Mk10,01:02:49 02-May-2017,2017-05-02T01:02:49Z,Argos,B,33.3738,-121.1163,19577,33764,11351,107,NA,NA,NA,NA,NA,NA
Lupita,167775,Mk10,01:57:16 02-May-2017,2017-05-02T01:57:16Z,Argos,A,33.5104,-121.2466,8626,197995,375,88,NA,NA,NA,NA,NA,NA
Lupita,167775,Mk10,01:57:49 02-May-2017,2017-05-02T01:57:49Z,Argos,B,33.5103,-121.2773,2719,24290,304,86,NA,NA,NA,NA,NA,NA
Lupita,167775,Mk10,02:49:50 02-May-2017,2017-05-02T02:49:50Z,Argos,B,33.5518,-121.2736,3197,6350,1609,88,NA,NA,NA,NA,NA,NA
Lupita,167775,Mk10,04:19:43 02-May-2017,2017-05-02T04:19:43Z,Argos,B,33.6054,-121.2639,2665,3400,2089,11,NA,NA,NA,NA,NA,NA
Lupita,167775,Mk10,01:30:20 03-May-2017,2017-05-03T01:30:20Z,Argos,2,33.5352,-121.2155,356,780,162,58,NA,NA,NA,NA,NA,NA
Lupita,167775,Mk10,01:45:10 03-May-2017,2017-05-03T01:45:10Z,Argos,3,33.5378,-121.2045,156,347,70,72,NA,NA,NA,NA,NA,NA
Lupita,167775,Mk10,02:21:35 03-May-2017,2017-05-03T02:21:35Z,Argos,2,33.5341,-121.2111,251,622,101,84,NA,NA,NA,NA,NA,NA
Lupita,167775,Mk10,03:10:33 03-May-2017,2017-05-03T03:10:33Z,Argos,A,33.5579,-121.2113,282,329,241,162,NA,NA,NA,NA,NA,NA
Lupita,167775,Mk10,04:54:18 03-May-2017,2017-05-03T04:54:18Z,Argos,B,33.6091,-121.2108,1017,5758,179,94,NA,NA,NA,NA,NA,NA
Lupita,167775,Mk10,02:35:35 04-May-2017,2017-05-04T02:35:35Z,Argos,0,33.663,-121.2224,3889,71997,210,107,NA,NA,NA,NA,NA,NA
Lupita,167775,Mk10,03:20:37 04-May-2017,2017-05-04T03:20:37Z,Argos,B,33.6775,-121.2233,4363,7968,2389,105,NA,NA,NA,NA,NA,NA
Lupita,167775,Mk10,03:33:51 04-May-2017,2017-05-04T03:33:51Z,Argos,B,33.6751,-121.2236,4297,5857,3152,120,NA,NA,NA,NA,NA,NA
Lupita,167775,Mk10,03:44:14 04-May-2017,2017-05-04T03:44:14Z,Argos,B,33.6703,-121.2378,1150,7979,165,148,NA,NA,NA,NA,NA,NA
Lupita,167775,Mk10,04:18:54 04-May-2017,2017-05-04T04:18:54Z,Argos,1,33.6853,-121.2278,575,1278,258,24,NA,NA,NA,NA,NA,NA
Lupita,167775,Mk10,04:33:21 04-May-2017,2017-05-04T04:33:21Z,Argos,A,33.692,-121.2266,694,1259,382,96,NA,NA,NA,NA,NA,NA
Lupita,167775,Mk10,15:39:22 04-May-2017,2017-05-04T15:39:22Z,Argos,2,33.7955,-121.2466,441,2236,86,106,NA,NA,NA,NA,NA,NA
Lupita,167775,Mk10,15:51:22 04-May-2017,2017-05-04T15:51:22Z,Argos,A,33.7971,-121.2368,794,2927,215,48,NA,NA,NA,NA,NA,NA
Lupita,167775,Mk10,16:01:43 04-May-2017,2017-05-04T16:01:43Z,Argos,B,33.8008,-121.2362,907,1318,624,60,NA,NA,NA,NA,NA,NA
Lupita,167775,Mk10,01:28:38 05-May-2017,2017-05-05T01:28:38Z,Argos,B,33.9465,-121.2215,4191,6091,2883,99,NA,NA,NA,NA,NA,NA
Lupita,167775,Mk10,02:04:54 05-May-2017,2017-05-05T02:04:54Z,Argos,3,33.8882,-121.1934,240,822,70,99,NA,NA,NA,NA,NA,NA
Lupita,167775,Mk10,03:06:50 05-May-2017,2017-05-05T03:06:50Z,Argos,A,33.8835,-121.1456,471,1602,138,60,NA,NA,NA,NA,NA,NA
Lupita,167775,Mk10,03:13:14 05-May-2017,2017-05-05T03:13:14Z,Argos,B,33.8843,-121.1436,494,773,314,70,NA,NA,NA,NA,NA,NA
Lupita,167775,Mk10,03:49:39 05-May-2017,2017-05-05T03:49:39Z,Argos,B,33.8993,-121.1478,667,4407,100,46,NA,NA,NA,NA,NA,NA
Lupita,167775,Mk10,05:05:07 05-May-2017,2017-05-05T05:05:07Z,Argos,B,33.9157,-121.1249,1304,1858,914,68,NA,NA,NA,NA,NA,NA
Lupita,167775,Mk10,01:06:29 06-May-2017,2017-05-06T01:06:29Z,Argos,3,33.7742,-121.3704,242,318,184,49,NA,NA,NA,NA,NA,NA
Lupita,167775,Mk10,01:15:58 06-May-2017,2017-05-06T01:15:58Z,Argos,0,33.7612,-121.3888,4025,16607,975,81,NA,NA,NA,NA,NA,NA
Lupita,167775,Mk10,02:55:19 06-May-2017,2017-05-06T02:55:19Z,Argos,B,33.7748,-121.3643,7211,65526,793,9,NA,NA,NA,NA,NA,NA
Lupita,167775,Mk10,03:17:38 06-May-2017,2017-05-06T03:17:38Z,Argos,B,33.783,-121.3596,5814,7123,4745,11,NA,NA,NA,NA,NA,NA
Lupita,167775,Mk10,04:46:35 06-May-2017,2017-05-06T04:46:35Z,Argos,B,33.7942,-121.3481,1488,1749,1265,76,NA,NA,NA,NA,NA,NA
Lupita,167775,Mk10,01:06:06 07-May-2017,2017-05-07T01:06:06Z,Argos,B,33.7828,-121.3628,2384,52885,107,53,NA,NA,NA,NA,NA,NA
Lupita,167775,Mk10,01:06:06 07-May-2017,2017-05-07T01:06:06Z,Argos,B,33.7917,-121.351,3137,86475,113,53,NA,NA,NA,NA,NA,NA
Lupita,167775,Mk10,02:43:30 07-May-2017,2017-05-07T02:43:30Z,Argos,1,33.7959,-121.383,1219,10423,142,78,NA,NA,NA,NA,NA,NA
Lupita,167775,Mk10,02:46:59 07-May-2017,2017-05-07T02:46:59Z,Argos,3,33.7974,-121.3748,201,678,59,104,NA,NA,NA,NA,NA,NA
Lupita,167775,Mk10,01:57:42 08-May-2017,2017-05-08T01:57:42Z,Argos,B,33.668,-121.3526,7949,33052,1911,82,NA,NA,NA,NA,NA,NA
Lupita,167775,Mk10,02:21:31 08-May-2017,2017-05-08T02:21:31Z,Argos,B,33.6569,-121.3615,7156,33649,1521,83,NA,NA,NA,NA,NA,NA
Lupita,167775,Mk10,02:32:15 08-May-2017,2017-05-08T02:32:15Z,Argos,1,33.6306,-121.4395,1246,40982,37,77,NA,NA,NA,NA,NA,NA
Lupita,167775,Mk10,01:46:15 09-May-2017,2017-05-09T01:46:15Z,Argos,B,33.6678,-121.4075,7858,19379,3186,119,NA,NA,NA,NA,NA,NA
Lupita,167775,Mk10,04:03:12 09-May-2017,2017-05-09T04:03:12Z,Argos,B,33.7182,-121.4932,14017,101110,1943,114,NA,NA,NA,NA,NA,NA
Lupita,167775,Mk10,02:13:28 10-May-2017,2017-05-10T02:13:28Z,Argos,B,33.6918,-121.4031,14326,30961,6629,115,NA,NA,NA,NA,NA,NA
Lupita,167775,Mk10,02:46:57 10-May-2017,2017-05-10T02:46:57Z,Argos,1,33.4955,-121.3875,648,969,433,56,NA,NA,NA,NA,NA,NA
Lupita,167775,Mk10,02:52:17 10-May-2017,2017-05-10T02:52:17Z,Argos,A,33.4953,-121.3978,155,221,107,81,NA,NA,NA,NA,NA,NA
Lupita,167775,Mk10,03:18:53 10-May-2017,2017-05-10T03:18:53Z,Argos,B,33.4954,-121.3978,874,1069,714,88,NA,NA,NA,NA,NA,NA
Lupita,167775,Mk10,04:58:26 10-May-2017,2017-05-10T04:58:26Z,Argos,B,33.5008,-121.3984,1354,2215,828,86,NA,NA,NA,NA,NA,NA
Lupita,167775,Mk10,01:53:10 11-May-2017,2017-05-11T01:53:10Z,Argos,3,33.5288,-121.5434,148,297,73,73,NA,NA,NA,NA,NA,NA
Lupita,167775,Mk10,02:22:47 11-May-2017,2017-05-11T02:22:47Z,Argos,A,33.5354,-121.5421,419,683,257,136,NA,NA,NA,NA,NA,NA
Lupita,167775,Mk10,02:24:35 11-May-2017,2017-05-11T02:24:35Z,Argos,2,33.5354,-121.5416,323,704,148,104,NA,NA,NA,NA,NA,NA
Lupita,167775,Mk10,01:51:45 12-May-2017,2017-05-12T01:51:45Z,Argos,B,33.4556,-121.5087,2842,29383,274,73,NA,NA,NA,NA,NA,NA
Lupita,167775,Mk10,01:57:38 12-May-2017,2017-05-12T01:57:38Z,Argos,1,33.4558,-121.4709,1389,30344,63,80,NA,NA,NA,NA,NA,NA
Lupita,167775,Mk10,03:25:25 12-May-2017,2017-05-12T03:25:25Z,Argos,B,33.4486,-121.4933,900,8777,92,153,NA,NA,NA,NA,NA,NA
Lupita,167775,Mk10,03:28:53 12-May-2017,2017-05-12T03:28:53Z,Argos,B,33.449,-121.4936,827,2987,229,151,NA,NA,NA,NA,NA,NA
Lupita,167775,Mk10,03:39:19 12-May-2017,2017-05-12T03:39:19Z,Argos,B,33.4493,-121.4936,864,1669,447,146,NA,NA,NA,NA,NA,NA
Lupita,167775,Mk10,05:08:59 12-May-2017,2017-05-12T05:08:59Z,Argos,B,33.4489,-121.4939,1553,1830,1316,123,NA,NA,NA,NA,NA,NA
Lupita,167775,Mk10,01:18:27 13-May-2017,2017-05-13T01:18:27Z,Argos,A,33.4458,-121.6192,177,185,168,56,NA,NA,NA,NA,NA,NA
Lupita,167775,Mk10,01:30:48 13-May-2017,2017-05-13T01:30:48Z,Argos,1,33.4469,-121.5983,506,652,392,128,NA,NA,NA,NA,NA,NA
Lupita,167775,Mk10,01:31:32 13-May-2017,2017-05-13T01:31:32Z,Argos,2,33.4476,-121.5976,434,956,196,69,NA,NA,NA,NA,NA,NA
Lupita,167775,Mk10,02:55:43 13-May-2017,2017-05-13T02:55:43Z,Argos,B,33.4444,-121.6055,4937,5826,4183,95,NA,NA,NA,NA,NA,NA
Lupita,167775,Mk10,03:58:54 13-May-2017,2017-05-13T03:58:54Z,Argos,B,33.4477,-121.6085,9806,13779,6978,81,NA,NA,NA,NA,NA,NA
Lupita,167775,Mk10,01:26:28 14-May-2017,2017-05-14T01:26:28Z,Argos,B,33.3845,-121.6426,3310,62821,174,61,NA,NA,NA,NA,NA,NA
Lupita,167775,Mk10,02:27:44 14-May-2017,2017-05-14T02:27:44Z,Argos,B,33.4016,-121.6106,1099,44727,27,99,NA,NA,NA,NA,NA,NA
Lupita,167775,Mk10,02:49:00 14-May-2017,2017-05-14T02:49:00Z,Argos,1,33.4088,-121.6178,588,1017,340,170,NA,NA,NA,NA,NA,NA
Lupita,167775,Mk10,03:07:09 14-May-2017,2017-05-14T03:07:09Z,Argos,B,33.4016,-121.6128,1384,3375,567,99,NA,NA,NA,NA,NA,NA
Lupita,167775,Mk10,01:56:37 15-May-2017,2017-05-15T01:56:37Z,Argos,1,33.2426,-121.566,646,1514,275,79,NA,NA,NA,NA,NA,NA
Lupita,167775,Mk10,02:26:35 15-May-2017,2017-05-15T02:26:35Z,Argos,B,33.2405,-121.5654,1329,1595,1106,90,NA,NA,NA,NA,NA,NA
Lupita,167775,Mk10,03:18:15 15-May-2017,2017-05-15T03:18:15Z,Argos,B,33.2369,-121.5688,4863,5807,4071,79,NA,NA,NA,NA,NA,NA
Lupita,167775,Mk10,03:33:01 15-May-2017,2017-05-15T03:33:01Z,Argos,B,33.2371,-121.5684,4438,5627,3499,87,NA,NA,NA,NA,NA,NA
Lupita,167775,Mk10,02:03:14 16-May-2017,2017-05-16T02:03:14Z,Argos,0,33.1499,-121.4395,2365,63491,88,79,NA,NA,NA,NA,NA,NA
Lupita,167775,Mk10,02:39:08 16-May-2017,2017-05-16T02:39:08Z,Argos,B,33.1534,-121.4272,3462,9055,1323,79,NA,NA,NA,NA,NA,NA
Lupita,167775,Mk10,03:03:56 16-May-2017,2017-05-16T03:03:56Z,Argos,B,33.1509,-121.4302,2233,33098,150,95,NA,NA,NA,NA,NA,NA
Lupita,167775,Mk10,05:27:42 16-May-2017,2017-05-16T05:27:42Z,Argos,B,33.1355,-121.4244,1782,3301,962,85,NA,NA,NA,NA,NA,NA
Lupita,167775,Mk10,02:38:37 17-May-2017,2017-05-17T02:38:37Z,Argos,B,33.0116,-121.4149,3733,34386,405,90,NA,NA,NA,NA,NA,NA
Lupita,167775,Mk10,13:06:40 17-May-2017,2017-05-17T13:06:40Z,Argos,B,33.1145,-121.1142,3719,8678,1594,112,NA,NA,NA,NA,NA,NA
Lupita,167775,Mk10,02:15:43 18-May-2017,2017-05-18T02:15:43Z,Argos,B,33.5905,-120.9677,11862,27290,5156,69,NA,NA,NA,NA,NA,NA
Lupita,167775,Mk10,03:57:49 18-May-2017,2017-05-18T03:57:49Z,Argos,B,33.5836,-121.1113,20701,78268,5474,80,NA,NA,NA,NA,NA,NA
Lupita,167775,Mk10,03:57:49 18-May-2017,2017-05-18T03:57:49Z,Argos,B,33.5764,-121.1407,16962,36335,7918,92,NA,NA,NA,NA,NA,NA
Lupita,167775,Mk10,05:29:39 18-May-2017,2017-05-18T05:29:39Z,Argos,B,33.5894,-121.174,18624,33826,10253,91,NA,NA,NA,NA,NA,NA
Lupita,167775,Mk10,02:04:46 19-May-2017,2017-05-19T02:04:46Z,Argos,B,33.9328,-121.1517,5642,58562,543,143,NA,NA,NA,NA,NA,NA
Lupita,167775,Mk10,03:48:14 19-May-2017,2017-05-19T03:48:14Z,Argos,B,33.9385,-121.164,8313,11843,5835,141,NA,NA,NA,NA,NA,NA
Lupita,167775,Mk10,01:00:31 20-May-2017,2017-05-20T01:00:31Z,Argos,B,34.1979,-121.4075,19349,47460,7887,88,NA,NA,NA,NA,NA,NA
Lupita,167775,Mk10,01:51:31 20-May-2017,2017-05-20T01:51:31Z,Argos,B,34.1658,-121.2975,5615,32130,981,93,NA,NA,NA,NA,NA,NA
Lupita,167775,Mk10,01:51:31 20-May-2017,2017-05-20T01:51:31Z,Argos,B,34.1696,-121.3004,19342,80288,4659,93,NA,NA,NA,NA,NA,NA
Lupita,167775,Mk10,04:56:05 20-May-2017,2017-05-20T04:56:05Z,Argos,B,34.1932,-121.358,4714,14619,1520,96,NA,NA,NA,NA,NA,NA
Lupita,167775,Mk10,01:43:43 21-May-2017,2017-05-21T01:43:43Z,Argos,B,34.3002,-121.4061,5064,10443,2455,63,NA,NA,NA,NA,NA,NA
Lupita,167775,Mk10,02:07:27 21-May-2017,2017-05-21T02:07:27Z,Argos,A,34.2716,-121.4912,237,1592,35,102,NA,NA,NA,NA,NA,NA
Lupita,167775,Mk10,03:26:32 21-May-2017,2017-05-21T03:26:32Z,Argos,B,34.2745,-121.5019,892,9324,85,97,NA,NA,NA,NA,NA,NA
Lupita,167775,Mk10,01:10:14 22-May-2017,2017-05-22T01:10:14Z,Argos,B,34.2245,-121.4575,3030,36724,250,61,NA,NA,NA,NA,NA,NA
Lupita,167775,Mk10,01:38:48 22-May-2017,2017-05-22T01:38:48Z,Argos,3,34.229,-121.4968,183,256,131,136,NA,NA,NA,NA,NA,NA
Lupita,167775,Mk10,03:05:01 22-May-2017,2017-05-22T03:05:01Z,Argos,B,34.2367,-121.5032,4586,5511,3815,88,NA,NA,NA,NA,NA,NA
Lupita,167775,Mk10,03:23:29 22-May-2017,2017-05-22T03:23:29Z,Argos,B,34.2362,-121.5027,4729,5666,3946,92,NA,NA,NA,NA,NA,NA
Lupita,167775,Mk10,02:21:56 23-May-2017,2017-05-23T02:21:56Z,Argos,B,34.349,-121.5505,3370,344170,33,76,NA,NA,NA,NA,NA,NA
Lupita,167775,Mk10,02:51:56 23-May-2017,2017-05-23T02:51:56Z,Argos,B,34.3634,-121.5015,3732,30719,453,77,NA,NA,NA,NA,NA,NA
Lupita,167775,Mk10,02:55:02 23-May-2017,2017-05-23T02:55:02Z,Argos,B,34.3728,-121.4532,3117,20248,479,76,NA,NA,NA,NA,NA,NA
Lupita,167775,Mk10,04:27:03 23-May-2017,2017-05-23T04:27:03Z,Argos,B,34.3982,-121.4165,3274,12049,889,78,NA,NA,NA,NA,NA,NA
Lupita,167775,Mk10,04:39:28 23-May-2017,2017-05-23T04:39:28Z,Argos,B,34.4405,-121.3306,2770,10079,761,84,NA,NA,NA,NA,NA,NA
Lupita,167775,Mk10,04:39:28 23-May-2017,2017-05-23T04:39:28Z,Argos,B,34.441,-121.3403,2706,9823,745,84,NA,NA,NA,NA,NA,NA
Lupita,167775,Mk10,05:33:04 23-May-2017,2017-05-23T05:33:04Z,Argos,2,34.5189,-121.3074,484,2986,78,76,NA,NA,NA,NA,NA,NA
Lupita,167775,Mk10,01:02:41 24-May-2017,2017-05-24T01:02:41Z,Argos,B,34.5532,-121.2966,8178,13491,4956,98,NA,NA,NA,NA,NA,NA
Lupita,167775,Mk10,02:20:44 24-May-2017,2017-05-24T02:20:44Z,Argos,2,34.6167,-121.3237,337,1602,71,94,NA,NA,NA,NA,NA,NA
Lupita,167775,Mk10,02:49:02 24-May-2017,2017-05-24T02:49:02Z,Argos,2,34.6241,-121.3127,451,1338,152,77,NA,NA,NA,NA,NA,NA
Lupita,167775,Mk10,03:30:35 24-May-2017,2017-05-24T03:30:35Z,Argos,B,34.6306,-121.3205,2926,3723,2299,84,NA,NA,NA,NA,NA,NA
Lupita,167775,Mk10,03:39:00 24-May-2017,2017-05-24T03:39:00Z,Argos,B,34.6317,-121.3223,2754,3407,2225,86,NA,NA,NA,NA,NA,NA
Lupita,167775,Mk10,04:25:31 24-May-2017,2017-05-24T04:25:31Z,Argos,B,34.6449,-121.3484,948,12854,69,33,NA,NA,NA,NA,NA,NA
Lupita,167775,Mk10,04:26:53 24-May-2017,2017-05-24T04:26:53Z,Argos,B,34.6377,-121.3328,1290,1530,1087,76,NA,NA,NA,NA,NA,NA
Lupita,167775,Mk10,13:23:38 24-May-2017,2017-05-24T13:23:38Z,Argos,B,34.6233,-121.3519,1973,29970,129,77,NA,NA,NA,NA,NA,NA
Lupita,167775,Mk10,13:27:26 24-May-2017,2017-05-24T13:27:26Z,Argos,B,34.6213,-121.3646,2042,20307,205,79,NA,NA,NA,NA,NA,NA
Lupita,167775,Mk10,03:23:45 25-May-2017,2017-05-25T03:23:45Z,Argos,2,34.6866,-121.3193,375,933,150,65,NA,NA,NA,NA,NA,NA
Lupita,167775,Mk10,13:02:34 25-May-2017,2017-05-25T13:02:34Z,Argos,B,34.697,-121.4537,4691,51529,427,53,NA,NA,NA,NA,NA,NA
Lupita,167775,Mk10,13:12:15 25-May-2017,2017-05-25T13:12:15Z,Argos,B,34.7211,-121.42,5977,53967,661,54,NA,NA,NA,NA,NA,NA
Lupita,167775,Mk10,17:12:17 25-May-2017,2017-05-25T17:12:17Z,Argos,1,34.8072,-121.4294,934,10649,81,107,NA,NA,NA,NA,NA,NA
Lupita,167775,Mk10,18:09:02 25-May-2017,2017-05-25T18:09:02Z,Argos,A,34.8555,-121.4418,3724,9201,1507,98,NA,NA,NA,NA,NA,NA
Lupita,167775,Mk10,05:18:46 26-May-2017,2017-05-26T05:18:46Z,Argos,B,35.07,-121.5524,22990,29574,17871,86,NA,NA,NA,NA,NA,NA
Lupita,167775,Mk10,02:26:58 27-May-2017,2017-05-27T02:26:58Z,Argos,B,35.0676,-121.5555,25636,31475,20880,131,NA,NA,NA,NA,NA,NA
Lupita,167775,Mk10,02:26:58 27-May-2017,2017-05-27T02:26:58Z,Argos,B,35.4644,-121.8045,27077,34636,21167,100,NA,NA,NA,NA,NA,NA
Lupita,167775,Mk10,04:00:44 27-May-2017,2017-05-27T04:00:44Z,Argos,B,35.0274,-121.6484,17554,95481,3227,121,NA,NA,NA,NA,NA,NA
Lupita,167775,Mk10,13:01:51 27-May-2017,2017-05-27T13:01:51Z,Argos,B,35.0232,-121.8875,17074,49173,5928,112,NA,NA,NA,NA,NA,NA
Lupita,167775,Mk10,15:16:10 27-May-2017,2017-05-27T15:16:10Z,Argos,0,35.137,-121.8175,1811,5441,602,172,NA,NA,NA,NA,NA,NA
Lupita,167775,Mk10,18:05:53 27-May-2017,2017-05-27T18:05:53Z,Argos,B,35.1397,-121.8019,4033,4936,3294,101,NA,NA,NA,NA,NA,NA
Lupita,167775,Mk10,03:29:03 28-May-2017,2017-05-28T03:29:03Z,Argos,B,35.0904,-121.8086,5590,10230,3054,122,NA,NA,NA,NA,NA,NA
Lupita,167775,Mk10,03:47:37 28-May-2017,2017-05-28T03:47:37Z,Argos,B,35.1333,-121.8939,1879,4174,845,97,NA,NA,NA,NA,NA,NA
Lupita,167775,Mk10,03:47:37 28-May-2017,2017-05-28T03:47:37Z,Argos,B,35.1147,-121.8341,4274,13854,1318,103,NA,NA,NA,NA,NA,NA
Lupita,167775,Mk10,13:09:41 28-May-2017,2017-05-28T13:09:41Z,Argos,2,34.9452,-121.5858,398,896,176,83,NA,NA,NA,NA,NA,NA
Lupita,167775,Mk10,03:16:04 29-May-2017,2017-05-29T03:16:04Z,Argos,B,35.0243,-121.7262,11441,221794,590,49,NA,NA,NA,NA,NA,NA
Lupita,167775,Mk10,03:32:08 29-May-2017,2017-05-29T03:32:08Z,Argos,B,35.0084,-121.7397,3149,36631,270,70,NA,NA,NA,NA,NA,NA
Lupita,167775,Mk10,01:08:46 30-May-2017,2017-05-30T01:08:46Z,Argos,1,34.5677,-122.063,536,883,325,126,NA,NA,NA,NA,NA,NA
Lupita,167775,Mk10,02:43:16 30-May-2017,2017-05-30T02:43:16Z,Argos,A,34.5886,-122.0411,3198,28292,361,75,NA,NA,NA,NA,NA,NA
Lupita,167775,Mk10,03:19:37 30-May-2017,2017-05-30T03:19:37Z,Argos,B,34.5809,-122.0469,5799,11399,2950,82,NA,NA,NA,NA,NA,NA
Lupita,167775,Mk10,02:24:44 31-May-2017,2017-05-31T02:24:44Z,Argos,1,34.2974,-122.3329,862,1254,592,142,NA,NA,NA,NA,NA,NA
Lupita,167775,Mk10,13:01:36 31-May-2017,2017-05-31T13:01:36Z,Argos,0,34.3591,-122.5318,2108,9745,455,33,NA,NA,NA,NA,NA,NA
Lupita,167775,Mk10,13:09:59 31-May-2017,2017-05-31T13:09:59Z,Argos,B,34.3777,-122.5199,452,3331,61,85,NA,NA,NA,NA,NA,NA
Lupita,167775,Mk10,01:53:20 01-Jun-2017,2017-06-01T01:53:20Z,Argos,B,34.3389,-122.6271,3719,4786,2888,87,NA,NA,NA,NA,NA,NA
Lupita,167775,Mk10,03:07:07 01-Jun-2017,2017-06-01T03:07:07Z,Argos,B,34.474,-122.4702,3577,16599,770,93,NA,NA,NA,NA,NA,NA
Lupita,167775,Mk10,01:37:07 02-Jun-2017,2017-06-02T01:37:07Z,Argos,B,35.078,-122.011,5881,9612,3597,85,NA,NA,NA,NA,NA,NA
Lupita,167775,Mk10,02:40:32 02-Jun-2017,2017-06-02T02:40:32Z,Argos,B,35.0853,-121.9145,5446,8290,3577,75,NA,NA,NA,NA,NA,NA
Lupita,167775,Mk10,02:42:05 02-Jun-2017,2017-06-02T02:42:05Z,Argos,B,34.7935,-121.4984,137565,NA,NA,NA,NA,NA,NA,NA,NA,Lon > 4 deviations from mean
Lupita,167775,Mk10,13:22:52 02-Jun-2017,2017-06-02T13:22:52Z,Argos,0,34.3686,-122.257,6887,14127,3357,31,NA,NA,NA,NA,NA,NA
Lupita,167775,Mk10,13:47:59 02-Jun-2017,2017-06-02T13:47:59Z,Argos,B,34.3628,-122.2631,7675,45326,1299,136,NA,NA,NA,NA,NA,NA
Lupita,167775,Mk10,13:51:22 02-Jun-2017,2017-06-02T13:51:22Z,Argos,B,34.3621,-122.2634,6839,14876,3144,134,NA,NA,NA,NA,NA,NA
Lupita,167775,Mk10,02:31:26 03-Jun-2017,2017-06-03T02:31:26Z,Argos,B,34.1551,-122.106,3952,12117,1288,79,NA,NA,NA,NA,NA,NA
Lupita,167775,Mk10,02:49:03 03-Jun-2017,2017-06-03T02:49:03Z,Argos,B,34.1549,-122.1256,2732,6573,1135,77,NA,NA,NA,NA,NA,NA
Lupita,167775,Mk10,13:12:06 03-Jun-2017,2017-06-03T13:12:06Z,Argos,1,34.0714,-122.2997,874,1589,481,168,NA,NA,NA,NA,NA,NA
Lupita,167775,Mk10,13:16:18 03-Jun-2017,2017-06-03T13:16:18Z,Argos,2,34.0823,-122.3095,290,617,136,68,NA,NA,NA,NA,NA,NA
Lupita,167775,Mk10,02:19:47 04-Jun-2017,2017-06-04T02:19:47Z,Argos,3,33.9277,-122.3362,182,1152,28,76,NA,NA,NA,NA,NA,NA
Lupita,167775,Mk10,02:22:28 04-Jun-2017,2017-06-04T02:22:28Z,Argos,B,33.9269,-122.3303,224,527,95,28,NA,NA,NA,NA,NA,NA
Lupita,167775,Mk10,03:09:21 04-Jun-2017,2017-06-04T03:09:21Z,Argos,B,33.9231,-122.3277,701,2716,180,123,NA,NA,NA,NA,NA,NA
Lupita,167775,Mk10,02:48:43 07-Jun-2017,2017-06-07T02:48:43Z,Argos,B,34.5627,-122.4879,18842,352622,1006,59,NA,NA,NA,NA,NA,NA
Lupita,167775,Mk10,03:20:57 07-Jun-2017,2017-06-07T03:20:57Z,Argos,B,34.6251,-122.4084,13259,30772,5713,67,NA,NA,NA,NA,NA,NA
Lupita,167775,Mk10,05:19:01 07-Jun-2017,2017-06-07T05:19:01Z,Argos,B,34.724,-122.3244,26242,56971,12087,76,NA,NA,NA,NA,NA,NA
Lupita,167775,Mk10,04:59:21 08-Jun-2017,2017-06-08T04:59:21Z,Argos,1,34.6551,-122.1445,630,3775,105,88,NA,NA,NA,NA,NA,NA
Lupita,167775,Mk10,05:51:47 08-Jun-2017,2017-06-08T05:51:47Z,Argos,B,34.6767,-122.116,2906,3760,2245,81,NA,NA,NA,NA,NA,NA
Lupita,167775,Mk10,13:00:31 08-Jun-2017,2017-06-08T13:00:31Z,Argos,B,34.6824,-122.1264,7527,13836,4095,81,NA,NA,NA,NA,NA,NA
Lupita,167775,Mk10,01:18:02 09-Jun-2017,2017-06-09T01:18:02Z,Argos,B,34.972,-121.9769,3040,41144,224,69,NA,NA,NA,NA,NA,NA
Lupita,167775,Mk10,03:04:18 09-Jun-2017,2017-06-09T03:04:18Z,Argos,1,34.8927,-122.2312,663,1893,232,84,NA,NA,NA,NA,NA,NA
Lupita,167775,Mk10,03:40:05 09-Jun-2017,2017-06-09T03:40:05Z,Argos,B,34.8919,-122.2462,2799,4554,1720,76,NA,NA,NA,NA,NA,NA
Lupita,167775,Mk10,03:53:18 09-Jun-2017,2017-06-09T03:53:18Z,Argos,B,34.9357,-122.1216,11157,51030,2439,70,NA,NA,NA,NA,NA,NA
Lupita,167775,Mk10,03:57:03 09-Jun-2017,2017-06-09T03:57:03Z,Argos,B,34.8978,-122.2174,702,4301,114,0,NA,NA,NA,NA,NA,NA
Lupita,167775,Mk10,05:27:03 09-Jun-2017,2017-06-09T05:27:03Z,Argos,B,34.9131,-122.2149,1484,1529,1440,55,NA,NA,NA,NA,NA,NA
Lupita,167775,Mk10,13:47:55 09-Jun-2017,2017-06-09T13:47:55Z,Argos,B,34.8333,-122.3425,3265,11753,907,137,NA,NA,NA,NA,NA,NA
Lupita,167775,Mk10,13:48:29 09-Jun-2017,2017-06-09T13:48:29Z,Argos,B,34.8527,-122.3563,1511,2529,902,69,NA,NA,NA,NA,NA,NA
Lupita,167775,Mk10,17:58:04 09-Jun-2017,2017-06-09T17:58:04Z,Argos,A,34.8486,-122.4008,3450,47592,250,113,NA,NA,NA,NA,NA,NA
Lupita,167775,Mk10,01:09:54 10-Jun-2017,2017-06-10T01:09:54Z,Argos,B,34.858,-122.4194,8761,16532,4642,87,NA,NA,NA,NA,NA,NA
Lupita,167775,Mk10,02:56:17 10-Jun-2017,2017-06-10T02:56:17Z,Argos,B,34.8633,-122.4232,6720,12346,3657,84,NA,NA,NA,NA,NA,NA
Lupita,167775,Mk10,03:08:53 10-Jun-2017,2017-06-10T03:08:53Z,Argos,2,34.7944,-122.5395,383,510,287,164,NA,NA,NA,NA,NA,NA
Lupita,167775,Mk10,03:22:24 10-Jun-2017,2017-06-10T03:22:24Z,Argos,3,34.7915,-122.5384,182,401,82,115,NA,NA,NA,NA,NA,NA
Lupita,167775,Mk10,04:34:03 10-Jun-2017,2017-06-10T04:34:03Z,Argos,B,34.7944,-122.5461,1247,1585,980,93,NA,NA,NA,NA,NA,NA
Lupita,167775,Mk10,05:16:56 10-Jun-2017,2017-06-10T05:16:56Z,Argos,B,34.7953,-122.5464,1483,1927,1141,99,NA,NA,NA,NA,NA,NA
Lupita,167775,Mk10,16:37:18 10-Jun-2017,2017-06-10T16:37:18Z,Argos,A,34.7253,-122.6913,239,399,143,174,NA,NA,NA,NA,NA,NA
Lupita,167775,Mk10,17:02:10 10-Jun-2017,2017-06-10T17:02:10Z,Argos,B,34.7256,-122.6943,723,837,624,90,NA,NA,NA,NA,NA,NA
Lupita,167775,Mk10,17:32:35 10-Jun-2017,2017-06-10T17:32:35Z,Argos,B,34.7167,-122.6981,1305,1889,900,48,NA,NA,NA,NA,NA,NA
Lupita,167775,Mk10,18:20:55 10-Jun-2017,2017-06-10T18:20:55Z,Argos,B,34.6766,-122.717,3259,6653,1596,79,NA,NA,NA,NA,NA,NA
Lupita,167775,Mk10,01:00:57 11-Jun-2017,2017-06-11T01:00:57Z,Argos,B,34.6044,-122.7922,3859,19013,783,104,NA,NA,NA,NA,NA,NA
Lupita,167775,Mk10,01:01:35 11-Jun-2017,2017-06-11T01:01:35Z,Argos,B,34.6071,-122.7833,2586,6701,997,104,NA,NA,NA,NA,NA,NA
Lupita,167775,Mk10,01:11:17 11-Jun-2017,2017-06-11T01:11:17Z,Argos,B,34.6019,-122.7791,2425,5108,1150,105,NA,NA,NA,NA,NA,NA
Lupita,167775,Mk10,01:12:58 11-Jun-2017,2017-06-11T01:12:58Z,Argos,A,34.6595,-122.773,323,454,229,162,NA,NA,NA,NA,NA,NA
Lupita,167775,Mk10,04:18:29 11-Jun-2017,2017-06-11T04:18:29Z,Argos,A,34.6034,-122.7661,469,1452,151,13,NA,NA,NA,NA,NA,NA
Lupita,167775,Mk10,04:33:09 11-Jun-2017,2017-06-11T04:33:09Z,Argos,B,34.6093,-122.7647,721,924,562,10,NA,NA,NA,NA,NA,NA
Lupita,167775,Mk10,17:59:00 11-Jun-2017,2017-06-11T17:59:00Z,Argos,B,34.6796,-122.8134,2564,103177,63,85,NA,NA,NA,NA,NA,NA
Lupita,167775,Mk10,18:48:53 11-Jun-2017,2017-06-11T18:48:53Z,Argos,B,34.6648,-122.9705,3164,37844,264,45,NA,NA,NA,NA,NA,NA
Lupita,167775,Mk10,04:07:37 12-Jun-2017,2017-06-12T04:07:37Z,Argos,B,34.7399,-122.9747,13250,204321,859,144,NA,NA,NA,NA,NA,NA
Lupita,167775,Mk10,03:17:18 13-Jun-2017,2017-06-13T03:17:18Z,Argos,B,34.5507,-122.8771,19179,263349,1396,140,NA,NA,NA,NA,NA,NA
Lupita,167775,Mk10,03:31:01 13-Jun-2017,2017-06-13T03:31:01Z,Argos,2,34.3944,-122.7375,349,430,282,58,NA,NA,NA,NA,NA,NA
Lupita,167775,Mk10,03:34:26 13-Jun-2017,2017-06-13T03:34:26Z,Argos,B,34.3957,-122.7356,664,1069,412,146,NA,NA,NA,NA,NA,NA
Lupita,167775,Mk10,04:12:27 13-Jun-2017,2017-06-13T04:12:27Z,Argos,Z,34.6434,-122.5259,43131,120639,15420,63,NA,NA,NA,NA,NA,NA
Lupita,167775,Mk10,04:55:57 13-Jun-2017,2017-06-13T04:55:57Z,Argos,B,34.3868,-122.7333,2749,4679,1615,80,NA,NA,NA,NA,NA,NA
Lupita,167775,Mk10,13:03:32 13-Jun-2017,2017-06-13T13:03:32Z,Argos,A,34.3083,-122.7149,11415,117666,1107,95,NA,NA,NA,NA,NA,NA
Lupita,167775,Mk10,13:07:31 13-Jun-2017,2017-06-13T13:07:31Z,Argos,1,34.3172,-122.656,881,1151,674,179,NA,NA,NA,NA,NA,NA
Lupita,167775,Mk10,02:05:36 14-Jun-2017,2017-06-14T02:05:36Z,Argos,B,34.1513,-122.4707,15073,34329,6618,63,NA,NA,NA,NA,NA,NA
Lupita,167775,Mk10,03:04:59 14-Jun-2017,2017-06-14T03:04:59Z,Argos,0,34.1501,-122.3836,11444,189422,691,79,NA,NA,NA,NA,NA,NA
Lupita,167775,Mk10,03:07:22 14-Jun-2017,2017-06-14T03:07:22Z,Argos,B,34.1531,-122.3668,6212,65558,588,79,NA,NA,NA,NA,NA,NA
Lupita,167775,Mk10,03:44:46 14-Jun-2017,2017-06-14T03:44:46Z,Argos,A,34.1698,-122.2759,662,3228,135,63,NA,NA,NA,NA,NA,NA
Lupita,167775,Mk10,04:35:38 14-Jun-2017,2017-06-14T04:35:38Z,Argos,B,34.1734,-122.2302,3768,5527,2568,74,NA,NA,NA,NA,NA,NA
Lupita,167775,Mk10,02:26:30 15-Jun-2017,2017-06-15T02:26:30Z,Argos,B,34.2467,-120.9714,7485,10024,5588,93,NA,NA,NA,NA,NA,NA
Lupita,167775,Mk10,02:41:31 15-Jun-2017,2017-06-15T02:41:31Z,Argos,B,34.2042,-122.1381,10946,40287,2973,76,NA,NA,NA,NA,NA,NA
Lupita,167775,Mk10,03:53:20 16-Jun-2017,2017-06-16T03:53:20Z,Argos,A,34.4181,-122.2467,2636,12141,572,8,NA,NA,NA,NA,NA,NA
Lupita,167775,Mk10,01:59:26 17-Jun-2017,2017-06-17T01:59:26Z,Argos,0,34.6031,-121.3556,7706,501930,118,79,NA,NA,NA,NA,NA,NA
Lupita,167775,Mk10,03:03:14 17-Jun-2017,2017-06-17T03:03:14Z,Argos,B,34.4161,-122.1992,7016,29262,1682,128,NA,NA,NA,NA,NA,NA
Lupita,167775,Mk10,03:38:39 17-Jun-2017,2017-06-17T03:38:39Z,Argos,B,34.4015,-122.278,6731,14122,3208,55,NA,NA,NA,NA,NA,NA
Lupita,167775,Mk10,15:53:10 17-Jun-2017,2017-06-17T15:53:10Z,Argos,0,34.4158,-122.2907,5397,6818,4271,4,NA,NA,NA,NA,NA,NA
Lupita,167775,Mk10,02:40:35 18-Jun-2017,2017-06-18T02:40:35Z,Argos,B,34.442,-122.282,114845,304152,43364,21,NA,NA,NA,NA,NA,NA
Lupita,167775,Mk10,03:01:04 18-Jun-2017,2017-06-18T03:01:04Z,Argos,B,34.4523,-122.2513,206328,910106,46776,95,NA,NA,NA,NA,NA,NA
Lupita,167775,Mk10,15:31:48 18-Jun-2017,2017-06-18T15:31:48Z,Argos,B,34.546,-122.237,6799,44884,1029,96,NA,NA,NA,NA,NA,NA
Lupita,167775,Mk10,01:04:10 19-Jun-2017,2017-06-19T01:04:10Z,Argos,A,34.5541,-122.3825,541,1433,204,160,NA,NA,NA,NA,NA,NA
Lupita,167775,Mk10,01:07:01 19-Jun-2017,2017-06-19T01:07:01Z,Argos,2,34.5535,-122.381,464,590,363,52,NA,NA,NA,NA,NA,NA
Lupita,167775,Mk10,01:07:18 19-Jun-2017,2017-06-19T01:07:18Z,Argos,B,34.5595,-122.3844,209,308,141,155,NA,NA,NA,NA,NA,NA
Lupita,167775,Mk10,02:53:07 19-Jun-2017,2017-06-19T02:53:07Z,Argos,B,34.5449,-122.5058,4846,5848,4014,90,NA,NA,NA,NA,NA,NA
Lupita,167775,Mk10,03:42:20 19-Jun-2017,2017-06-19T03:42:20Z,Argos,2,34.5433,-122.4025,310,408,236,59,NA,NA,NA,NA,NA,NA
Lupita,167775,Mk10,05:23:10 19-Jun-2017,2017-06-19T05:23:10Z,Argos,B,34.5289,-122.4571,4867,6006,3943,85,NA,NA,NA,NA,NA,NA
Lupita,167775,Mk10,13:13:45 19-Jun-2017,2017-06-19T13:13:45Z,Argos,B,34.4867,-122.5676,7619,125495,462,6,NA,NA,NA,NA,NA,NA
Lupita,167775,Mk10,13:26:38 19-Jun-2017,2017-06-19T13:26:38Z,Argos,1,34.7752,-122.5115,594,810,435,28,NA,NA,NA,NA,NA,NA
Lupita,167775,Mk10,13:26:51 19-Jun-2017,2017-06-19T13:26:51Z,Argos,2,34.7783,-122.5074,470,879,251,52,NA,NA,NA,NA,NA,NA
Lupita,167775,Mk10,02:26:32 20-Jun-2017,2017-06-20T02:26:32Z,Argos,2,34.728,-122.5698,326,736,144,72,NA,NA,NA,NA,NA,NA
Lupita,167775,Mk10,02:35:13 20-Jun-2017,2017-06-20T02:35:13Z,Argos,2,34.7267,-122.5879,492,1339,180,64,NA,NA,NA,NA,NA,NA
Lupita,167775,Mk10,05:56:09 20-Jun-2017,2017-06-20T05:56:09Z,Argos,B,34.7378,-122.5803,3046,15882,584,108,NA,NA,NA,NA,NA,NA
Lupita,167775,Mk10,02:48:37 21-Jun-2017,2017-06-21T02:48:37Z,Argos,1,34.7318,-122.771,996,12908,76,104,NA,NA,NA,NA,NA,NA
Lupita,167775,Mk10,05:26:04 21-Jun-2017,2017-06-21T05:26:04Z,Argos,1,34.7617,-122.7993,878,5369,143,72,NA,NA,NA,NA,NA,NA
Lupita,167775,Mk10,13:06:25 21-Jun-2017,2017-06-21T13:06:25Z,Argos,B,34.7112,-122.8379,5131,44848,586,73,NA,NA,NA,NA,NA,NA
Lupita,167775,Mk10,03:11:23 22-Jun-2017,2017-06-22T03:11:23Z,Argos,A,34.6777,-122.8482,256,493,132,19,NA,NA,NA,NA,NA,NA
Lupita,167775,Mk10,03:33:02 22-Jun-2017,2017-06-22T03:33:02Z,Argos,B,34.7066,-122.8825,2274,10509,491,129,NA,NA,NA,NA,NA,NA
Lupita,167775,Mk10,03:51:38 22-Jun-2017,2017-06-22T03:51:38Z,Argos,B,34.6918,-122.8715,1449,3309,634,119,NA,NA,NA,NA,NA,NA
Lupita,167775,Mk10,03:51:38 22-Jun-2017,2017-06-22T03:51:38Z,Argos,B,34.694,-122.8721,1177,2645,523,107,NA,NA,NA,NA,NA,NA
Lupita,167775,Mk10,01:39:56 23-Jun-2017,2017-06-23T01:39:56Z,Argos,2,34.7833,-123.0679,307,432,218,61,NA,NA,NA,NA,NA,NA
Lupita,167775,Mk10,01:56:39 23-Jun-2017,2017-06-23T01:56:39Z,Argos,B,34.7833,-123.0676,1858,2276,1516,90,NA,NA,NA,NA,NA,NA
Lupita,167775,Mk10,02:47:22 23-Jun-2017,2017-06-23T02:47:22Z,Argos,2,34.801,-123.0732,352,649,191,65,NA,NA,NA,NA,NA,NA
Lupita,167775,Mk10,03:19:27 23-Jun-2017,2017-06-23T03:19:27Z,Argos,A,34.7901,-123.0797,210,291,151,77,NA,NA,NA,NA,NA,NA
Lupita,167775,Mk10,03:40:00 23-Jun-2017,2017-06-23T03:40:00Z,Argos,3,34.7847,-123.0873,135,239,76,56,NA,NA,NA,NA,NA,NA
Lupita,167775,Mk10,16:11:57 23-Jun-2017,2017-06-23T16:11:57Z,Argos,B,34.7864,-123.2061,3673,4520,2984,83,NA,NA,NA,NA,NA,NA
Lupita,167775,Mk10,01:10:48 24-Jun-2017,2017-06-24T01:10:48Z,Argos,Z,30.1023,-124.6635,2725,15466,480,147,NA,NA,NA,NA,NA,Lat > 4 deviations from mean
Lupita,167775,Mk10,02:24:12 24-Jun-2017,2017-06-24T02:24:12Z,Argos,A,34.6816,-123.2575,177,411,76,55,NA,NA,NA,NA,NA,NA
Lupita,167775,Mk10,02:46:24 24-Jun-2017,2017-06-24T02:46:24Z,Argos,3,34.6628,-123.2385,233,968,55,102,NA,NA,NA,NA,NA,NA
Lupita,167775,Mk10,03:27:10 24-Jun-2017,2017-06-24T03:27:10Z,Argos,1,34.6482,-123.25,575,2842,116,93,NA,NA,NA,NA,NA,NA
Lupita,167775,Mk10,04:04:34 24-Jun-2017,2017-06-24T04:04:34Z,Argos,B,34.6357,-123.2405,2400,3060,1882,72,NA,NA,NA,NA,NA,NA
Lupita,167775,Mk10,05:21:19 24-Jun-2017,2017-06-24T05:21:19Z,Argos,B,34.6183,-123.2442,3698,5697,2401,74,NA,NA,NA,NA,NA,NA
Lupita,167775,Mk10,17:47:33 24-Jun-2017,2017-06-24T17:47:33Z,Argos,0,34.5784,-123.2209,5752,70916,466,124,NA,NA,NA,NA,NA,NA
Lupita,167775,Mk10,01:37:55 25-Jun-2017,2017-06-25T01:37:55Z,Argos,B,34.5088,-123.2721,2518,13191,480,125,NA,NA,NA,NA,NA,NA
Lupita,167775,Mk10,01:55:33 25-Jun-2017,2017-06-25T01:55:33Z,Argos,1,34.5165,-123.2681,1374,25913,72,78,NA,NA,NA,NA,NA,NA
Lupita,167775,Mk10,03:19:53 25-Jun-2017,2017-06-25T03:19:53Z,Argos,3,34.508,-123.2733,187,600,57,71,NA,NA,NA,NA,NA,NA
Lupita,167775,Mk10,03:37:06 25-Jun-2017,2017-06-25T03:37:06Z,Argos,1,34.5049,-123.2727,743,1211,455,14,NA,NA,NA,NA,NA,NA
Lupita,167775,Mk10,03:57:54 25-Jun-2017,2017-06-25T03:57:54Z,Argos,3,34.5026,-123.2671,228,265,195,38,NA,NA,NA,NA,NA,NA
Lupita,167775,Mk10,04:09:08 25-Jun-2017,2017-06-25T04:09:08Z,Argos,2,34.5054,-123.2775,356,845,149,112,NA,NA,NA,NA,NA,NA
Lupita,167775,Mk10,05:01:48 25-Jun-2017,2017-06-25T05:01:48Z,Argos,B,34.5012,-123.2814,1165,1836,739,81,NA,NA,NA,NA,NA,NA
Lupita,167775,Mk10,03:04:29 26-Jun-2017,2017-06-26T03:04:29Z,Argos,3,34.2844,-123.2592,145,551,38,85,NA,NA,NA,NA,NA,NA
Lupita,167775,Mk10,03:11:46 26-Jun-2017,2017-06-26T03:11:46Z,Argos,3,34.282,-123.254,145,188,111,134,NA,NA,NA,NA,NA,NA
Lupita,167775,Mk10,03:27:11 26-Jun-2017,2017-06-26T03:27:11Z,Argos,3,34.2871,-123.2569,159,228,109,109,NA,NA,NA,NA,NA,NA
Lupita,167775,Mk10,03:43:11 26-Jun-2017,2017-06-26T03:43:11Z,Argos,3,34.2913,-123.2502,198,248,157,163,NA,NA,NA,NA,NA,NA
Lupita,167775,Mk10,13:01:42 26-Jun-2017,2017-06-26T13:01:42Z,Argos,3,34.1667,-122.9867,238,630,89,90,NA,NA,NA,NA,NA,NA
Lupita,167775,Mk10,13:49:49 26-Jun-2017,2017-06-26T13:49:49Z,Argos,2,34.1496,-122.9676,377,824,172,37,NA,NA,NA,NA,NA,NA
Lupita,167775,Mk10,13:49:49 26-Jun-2017,2017-06-26T13:49:49Z,Argos,B,34.1527,-122.9605,383,1024,143,45,NA,NA,NA,NA,NA,NA
Lupita,167775,Mk10,13:50:19 26-Jun-2017,2017-06-26T13:50:19Z,Argos,3,34.1386,-122.9652,153,188,124,79,NA,NA,NA,NA,NA,NA
Lupita,167775,Mk10,14:39:41 26-Jun-2017,2017-06-26T14:39:41Z,Argos,3,34.1133,-122.9474,191,251,144,64,NA,NA,NA,NA,NA,NA
Lupita,167775,Mk10,15:26:32 26-Jun-2017,2017-06-26T15:26:32Z,Argos,1,34.0836,-122.9222,873,5572,136,99,NA,NA,NA,NA,NA,NA
Lupita,167775,Mk10,15:30:03 26-Jun-2017,2017-06-26T15:30:03Z,Argos,2,34.0858,-122.9261,275,462,163,105,NA,NA,NA,NA,NA,NA
Lupita,167775,Mk10,16:58:36 26-Jun-2017,2017-06-26T16:58:36Z,Argos,A,34.0299,-122.8829,1765,8357,372,3,NA,NA,NA,NA,NA,NA
Lupita,167775,Mk10,17:15:31 26-Jun-2017,2017-06-26T17:15:31Z,Argos,A,34.0157,-122.8791,547,857,348,122,NA,NA,NA,NA,NA,NA
Lupita,167775,Mk10,17:43:26 26-Jun-2017,2017-06-26T17:43:26Z,Argos,B,34.0051,-122.8721,982,1390,694,115,NA,NA,NA,NA,NA,NA
Lupita,167775,Mk10,01:08:26 27-Jun-2017,2017-06-27T01:08:26Z,Argos,B,33.8724,-122.6629,1374,14417,130,112,NA,NA,NA,NA,NA,NA
Lupita,167775,Mk10,01:16:42 27-Jun-2017,2017-06-27T01:16:42Z,Argos,A,33.8794,-122.6726,274,658,114,52,NA,NA,NA,NA,NA,NA
Lupita,167775,Mk10,01:16:42 27-Jun-2017,2017-06-27T01:16:42Z,Argos,B,33.8788,-122.6725,280,614,127,51,NA,NA,NA,NA,NA,NA
Lupita,167775,Mk10,02:49:07 27-Jun-2017,2017-06-27T02:49:07Z,Argos,B,33.8381,-122.6363,1264,1696,942,96,NA,NA,NA,NA,NA,NA
Lupita,167775,Mk10,02:51:21 27-Jun-2017,2017-06-27T02:51:21Z,Argos,B,33.8178,-122.6284,972,31271,30,77,NA,NA,NA,NA,NA,NA
Lupita,167775,Mk10,02:56:28 27-Jun-2017,2017-06-27T02:56:28Z,Argos,B,33.82,-122.6197,1157,7148,187,78,NA,NA,NA,NA,NA,NA
Lupita,167775,Mk10,01:01:37 28-Jun-2017,2017-06-28T01:01:37Z,Argos,B,33.0969,-122.0428,4253,8978,2014,77,NA,NA,NA,NA,NA,NA
Lupita,167775,Mk10,02:46:20 28-Jun-2017,2017-06-28T02:46:20Z,Argos,B,32.9962,-121.8765,5309,12023,2344,93,NA,NA,NA,NA,NA,NA
Lupita,167775,Mk10,04:00:14 28-Jun-2017,2017-06-28T04:00:14Z,Argos,B,32.9469,-121.7773,4965,11075,2225,120,NA,NA,NA,NA,NA,NA
Lupita,167775,Mk10,04:27:06 28-Jun-2017,2017-06-28T04:27:06Z,Argos,B,32.9228,-121.7476,4583,15890,1322,128,NA,NA,NA,NA,NA,NA
Lupita,167775,Mk10,13:01:35 28-Jun-2017,2017-06-28T13:01:35Z,Argos,B,32.4037,-121.0997,4962,16372,1503,102,NA,NA,NA,NA,NA,NA
Lupita,167775,Mk10,14:37:03 28-Jun-2017,2017-06-28T14:37:03Z,Argos,A,32.2436,-120.9031,16712,399671,698,104,NA,NA,NA,NA,NA,NA
Lupita,167775,Mk10,02:00:01 29-Jun-2017,2017-06-29T02:00:01Z,Argos,B,31.546,-120.2479,12312,30758,4928,113,NA,NA,NA,NA,NA,NA
Lupita,167775,Mk10,02:00:01 29-Jun-2017,2017-06-29T02:00:01Z,Argos,B,31.537,-120.2635,17850,40359,7894,111,NA,NA,NA,NA,NA,NA
Lupita,167775,Mk10,02:30:37 29-Jun-2017,2017-06-29T02:30:37Z,Argos,B,31.9959,-121.3334,36991,183322,7464,77,NA,NA,NA,NA,NA,NA
Lupita,167775,Mk10,03:29:38 29-Jun-2017,2017-06-29T03:29:38Z,Argos,Z,32.355,-121.6253,31017,112433,8556,84,NA,NA,NA,NA,NA,NA
Lupita,167775,Mk10,13:05:18 29-Jun-2017,2017-06-29T13:05:18Z,Argos,3,31.5961,-120.9461,226,356,143,71,NA,NA,NA,NA,NA,NA
Lupita,167775,Mk10,13:12:58 29-Jun-2017,2017-06-29T13:12:58Z,Argos,2,31.5923,-120.9438,296,507,172,31,NA,NA,NA,NA,NA,NA
Lupita,167775,Mk10,01:22:28 30-Jun-2017,2017-06-30T01:22:28Z,Argos,B,31.3092,-120.9031,5267,10705,2591,87,NA,NA,NA,NA,NA,NA
Lupita,167775,Mk10,01:37:38 30-Jun-2017,2017-06-30T01:37:38Z,Argos,B,31.2539,-120.8635,4644,11731,1838,82,NA,NA,NA,NA,NA,NA
Lupita,167775,Mk10,03:01:12 30-Jun-2017,2017-06-30T03:01:12Z,Argos,B,31.2407,-120.8196,1584,36619,68,142,NA,NA,NA,NA,NA,NA
Lupita,167775,Mk10,03:07:55 30-Jun-2017,2017-06-30T03:07:55Z,Argos,B,31.2248,-120.8253,4657,9990,2170,79,NA,NA,NA,NA,NA,NA
Lupita,167775,Mk10,03:59:09 30-Jun-2017,2017-06-30T03:59:09Z,Argos,B,31.1729,-120.7755,1378,2237,849,128,NA,NA,NA,NA,NA,NA
Lupita,167775,Mk10,13:01:53 30-Jun-2017,2017-06-30T13:01:53Z,Argos,1,30.6305,-120.2934,961,1320,699,43,NA,NA,NA,NA,NA,NA
Lupita,167775,Mk10,02:04:40 01-Jul-2017,2017-07-01T02:04:40Z,Argos,B,30.2128,-119.7461,9783,177601,538,32,NA,NA,NA,NA,NA,NA
Lupita,167775,Mk10,02:31:46 01-Jul-2017,2017-07-01T02:31:46Z,Argos,A,30.2575,-119.6809,282,617,129,137,NA,NA,NA,NA,NA,NA
Lupita,167775,Mk10,02:48:55 01-Jul-2017,2017-07-01T02:48:55Z,Argos,B,30.2483,-119.6736,600,703,512,102,NA,NA,NA,NA,NA,NA
Lupita,167775,Mk10,03:45:22 01-Jul-2017,2017-07-01T03:45:22Z,Argos,B,30.2479,-119.6678,1262,1456,1094,121,NA,NA,NA,NA,NA,NA
Lupita,167775,Mk10,03:45:45 01-Jul-2017,2017-07-01T03:45:45Z,Argos,B,30.1972,-119.6591,994,2529,390,117,NA,NA,NA,NA,NA,NA
Lupita,167775,Mk10,01:50:26 02-Jul-2017,2017-07-02T01:50:26Z,Argos,3,29.4015,-119.031,227,418,123,41,NA,NA,NA,NA,NA,NA
Lupita,167775,Mk10,01:59:56 02-Jul-2017,2017-07-02T01:59:56Z,Argos,1,29.392,-119.0202,584,2348,145,105,NA,NA,NA,NA,NA,NA
Lupita,167775,Mk10,02:21:40 02-Jul-2017,2017-07-02T02:21:40Z,Argos,B,29.3727,-119.0126,2294,25143,209,103,NA,NA,NA,NA,NA,NA
Lupita,167775,Mk10,03:34:38 02-Jul-2017,2017-07-02T03:34:38Z,Argos,B,29.3291,-118.9814,876,11360,67,56,NA,NA,NA,NA,NA,NA
Lupita,167775,Mk10,03:41:56 02-Jul-2017,2017-07-02T03:41:56Z,Argos,B,29.3058,-119.0166,338,547,209,151,NA,NA,NA,NA,NA,NA
Lupita,167775,Mk10,05:07:52 02-Jul-2017,2017-07-02T05:07:52Z,Argos,B,29.2533,-118.9727,1336,1496,1192,103,NA,NA,NA,NA,NA,NA
Lupita,167775,Mk10,13:01:41 02-Jul-2017,2017-07-02T13:01:41Z,Argos,0,28.7961,-119.0744,4202,15459,1142,166,NA,NA,NA,NA,NA,NA
Lupita,167775,Mk10,01:28:12 03-Jul-2017,2017-07-03T01:28:12Z,Argos,2,28.3756,-119.1103,313,733,133,115,NA,NA,NA,NA,NA,NA
Lupita,167775,Mk10,01:42:37 03-Jul-2017,2017-07-03T01:42:37Z,Argos,B,28.3659,-119.1076,1672,1968,1419,89,NA,NA,NA,NA,NA,NA
Lupita,167775,Mk10,01:50:14 03-Jul-2017,2017-07-03T01:50:14Z,Argos,B,28.3703,-119.1088,2290,2726,1923,156,NA,NA,NA,NA,NA,NA
Lupita,167775,Mk10,03:06:06 03-Jul-2017,2017-07-03T03:06:06Z,Argos,B,28.2906,-119.1143,1660,4135,666,121,NA,NA,NA,NA,NA,NA
Lupita,167775,Mk10,03:23:19 03-Jul-2017,2017-07-03T03:23:19Z,Argos,B,28.2973,-119.1209,2130,5263,862,120,NA,NA,NA,NA,NA,NA
Lupita,167775,Mk10,03:34:24 03-Jul-2017,2017-07-03T03:34:24Z,Argos,B,28.2865,-119.1225,2233,4202,1186,118,NA,NA,NA,NA,NA,NA
Lupita,167775,Mk10,05:35:33 03-Jul-2017,2017-07-03T05:35:33Z,Argos,B,28.3316,-119.1473,2941,85782,100,48,NA,NA,NA,NA,NA,NA
Lupita,167775,Mk10,15:45:57 03-Jul-2017,2017-07-03T15:45:57Z,Argos,B,28.0524,-119.2053,6869,7675,6147,55,NA,NA,NA,NA,NA,NA
Lupita,167775,Mk10,17:56:51 03-Jul-2017,2017-07-03T17:56:51Z,Argos,2,28.1006,-119.3136,285,1523,53,104,NA,NA,NA,NA,NA,NA
Lupita,167775,Mk10,18:47:52 03-Jul-2017,2017-07-03T18:47:52Z,Argos,3,28.0988,-119.2966,202,221,184,122,NA,NA,NA,NA,NA,NA
Lupita,167775,Mk10,03:08:29 04-Jul-2017,2017-07-04T03:08:29Z,Argos,2,28.0795,-118.956,289,400,209,156,NA,NA,NA,NA,NA,NA
Lupita,167775,Mk10,03:13:06 04-Jul-2017,2017-07-04T03:13:06Z,Argos,3,28.0777,-118.9528,142,246,82,85,NA,NA,NA,NA,NA,NA
Lupita,167775,Mk10,13:46:45 04-Jul-2017,2017-07-04T13:46:45Z,Argos,1,28.2093,-118.6343,583,1388,244,81,NA,NA,NA,NA,NA,NA
Lupita,167775,Mk10,13:50:43 04-Jul-2017,2017-07-04T13:50:43Z,Argos,2,28.209,-118.6422,284,593,135,53,NA,NA,NA,NA,NA,NA
Lupita,167775,Mk10,13:57:44 04-Jul-2017,2017-07-04T13:57:44Z,Argos,2,28.2053,-118.6386,271,312,234,22,NA,NA,NA,NA,NA,NA
Lupita,167775,Mk10,01:00:34 05-Jul-2017,2017-07-05T01:00:34Z,Argos,3,28.251,-118.3318,177,297,104,50,NA,NA,NA,NA,NA,NA
Lupita,167775,Mk10,01:16:32 05-Jul-2017,2017-07-05T01:16:32Z,Argos,3,28.2542,-118.3266,214,285,160,27,NA,NA,NA,NA,NA,NA
Lupita,167775,Mk10,02:05:36 05-Jul-2017,2017-07-05T02:05:36Z,Argos,2,28.2633,-118.2994,289,2198,38,101,NA,NA,NA,NA,NA,NA
Lupita,167775,Mk10,02:46:51 05-Jul-2017,2017-07-05T02:46:51Z,Argos,3,28.2707,-118.2683,165,189,144,154,NA,NA,NA,NA,NA,NA
Lupita,167775,Mk10,03:00:49 05-Jul-2017,2017-07-05T03:00:49Z,Argos,3,28.2767,-118.2573,139,269,72,78,NA,NA,NA,NA,NA,NA
Lupita,167775,Mk10,03:59:16 05-Jul-2017,2017-07-05T03:59:16Z,Argos,B,28.2813,-118.2338,2082,2566,1689,79,NA,NA,NA,NA,NA,NA
