DeployID,Ptt,Instr,Date,Type,Quality,Latitude,Longitude,Error radius,Error Semi-major axis,Error Semi-minor axis,Error Ellipse orientation,Offset,Offset orientation,GPE MSD,GPE U,Count,Comment
Salsa,167774,Mk10,01:56:03 25-Mar-2017,Argos,A,37.2507,-125.4645,,,,,,,,,,
Salsa,167774,Mk10,02:39:54 25-Mar-2017,Argos,B,37.9233,-122.5266,,,,,,,,,,
Salsa,167774,Mk10,01:03:43 05-Apr-2017,Argos,1,28.8814,-118.2636,771,1182,502,169,,,,,,
Salsa,167774,Mk10,02:12:31 05-Apr-2017,Argos,B,28.8873,-118.2664,4576,6197,3378,76,,,,,,
Salsa,167774,Mk10,02:21:39 05-Apr-2017,Argos,B,28.8703,-118.3044,948,12424,72,55,,,,,,
Salsa,167774,Mk10,02:43:38 05-Apr-2017,Argos,3,28.8792,-118.2886,201,473,85,95,,,,,,
Salsa,167774,Mk10,03:44:35 05-Apr-2017,Argos,B,28.8785,-118.2870,1788,2082,1534,78,,,,,,
Salsa,167774,Mk10,04:38:43 05-Apr-2017,Argos,B,28.8817,-118.2871,1372,37138,50,82,,,,,,
Salsa,167774,Mk10,05:21:00 05-Apr-2017,Argos,3,28.8806,-118.2950,125,289,54,76,,,,,,
Salsa,167774,Mk10,05:21:00 05-Apr-2017,Argos,3,28.8806,-118.2950,125,289,54,76,,,,,,
Salsa,167774,Mk10,01:55:11 06-Apr-2017,Argos,0,28.8840,-118.2967,1819,4561,725,93,,,,,,
Salsa,167774,Mk10,02:01:16 06-Apr-2017,Argos,B,28.8818,-118.3238,2535,57927,110,79,,,,,,
Salsa,167774,Mk10,02:10:54 06-Apr-2017,Argos,1,28.8851,-118.3015,1015,27569,37,101,,,,,,
Salsa,167774,Mk10,03:39:46 06-Apr-2017,Argos,B,28.8875,-118.3195,2163,13184,355,146,,,,,,
Salsa,167774,Mk10,04:56:31 06-Apr-2017,Argos,B,28.8932,-118.3287,1136,1725,747,92,,,,,,
Salsa,167774,Mk10,01:29:45 07-Apr-2017,Argos,1,28.8936,-118.2647,770,2219,267,71,,,,,,
Salsa,167774,Mk10,01:40:08 07-Apr-2017,Argos,A,28.8895,-118.2537,150,222,100,128,,,,,,
Salsa,167774,Mk10,01:49:31 07-Apr-2017,Argos,3,28.8911,-118.2545,184,318,106,87,,,,,,
Salsa,167774,Mk10,04:41:06 07-Apr-2017,Argos,B,28.9017,-118.2673,1647,3240,837,76,,,,,,
Salsa,167774,Mk10,05:34:30 07-Apr-2017,Argos,B,28.9051,-118.2642,1788,3126,1022,77,,,,,,
Salsa,167774,Mk10,13:48:17 07-Apr-2017,Argos,1,28.8977,-118.2454,668,1169,381,85,,,,,,
Salsa,167774,Mk10,01:06:00 08-Apr-2017,Argos,B,28.8017,-118.2321,8326,124244,557,175,,,,,,
Salsa,167774,Mk10,01:10:27 08-Apr-2017,Argos,3,28.9074,-118.2371,191,310,117,43,,,,,,
Salsa,167774,Mk10,01:33:26 08-Apr-2017,Argos,3,28.9099,-118.2402,145,188,111,104,,,,,,
Salsa,167774,Mk10,02:49:05 08-Apr-2017,Argos,B,28.9110,-118.2433,845,6425,111,108,,,,,,
Salsa,167774,Mk10,03:17:16 08-Apr-2017,Argos,B,28.9104,-118.2396,578,3265,102,172,,,,,,
Salsa,167774,Mk10,04:17:21 08-Apr-2017,Argos,3,28.9093,-118.2406,137,213,88,73,,,,,,
Salsa,167774,Mk10,05:13:43 08-Apr-2017,Argos,B,28.9101,-118.2401,744,4291,128,119,,,,,,
Salsa,167774,Mk10,13:23:00 08-Apr-2017,Argos,3,28.9362,-118.2270,152,205,112,153,,,,,,
Salsa,167774,Mk10,01:22:30 09-Apr-2017,Argos,B,28.9970,-118.1744,1804,27587,117,41,,,,,,
Salsa,167774,Mk10,02:25:07 09-Apr-2017,Argos,B,28.9729,-118.1963,1526,2863,813,62,,,,,,
Salsa,167774,Mk10,03:00:15 09-Apr-2017,Argos,B,28.9666,-118.2094,1942,3340,1129,40,,,,,,
Salsa,167774,Mk10,01:47:51 10-Apr-2017,Argos,B,28.9498,-118.2356,1406,26809,73,152,,,,,,
Salsa,167774,Mk10,01:54:06 10-Apr-2017,Argos,B,28.9324,-118.2270,286,2382,34,79,,,,,,
Salsa,167774,Mk10,03:31:42 10-Apr-2017,Argos,B,28.9176,-118.2305,1345,1682,1074,84,,,,,,
Salsa,167774,Mk10,04:37:59 10-Apr-2017,Argos,B,28.9088,-118.2255,1724,2200,1350,74,,,,,,
Salsa,167774,Mk10,01:17:52 11-Apr-2017,Argos,2,29.1782,-118.2744,405,730,224,72,,,,,,
Salsa,167774,Mk10,01:30:28 11-Apr-2017,Argos,1,29.1772,-118.2740,638,3590,113,72,,,,,,
Salsa,167774,Mk10,02:44:40 11-Apr-2017,Argos,B,29.1870,-118.2706,2084,2731,1589,96,,,,,,
Salsa,167774,Mk10,01:05:17 12-Apr-2017,Argos,B,30.0656,-118.3843,3797,5432,2654,84,,,,,,
Salsa,167774,Mk10,02:23:16 12-Apr-2017,Argos,A,30.1587,-118.6914,2464,42039,144,100,,,,,,
Salsa,167774,Mk10,02:26:27 12-Apr-2017,Argos,B,30.1585,-118.6905,2894,11643,719,100,,,,,,
Salsa,167774,Mk10,04:11:42 12-Apr-2017,Argos,B,30.2441,-118.7587,6663,9514,4666,94,,,,,,
Salsa,167774,Mk10,13:16:19 12-Apr-2017,Argos,B,30.6134,-119.0862,7822,13221,4627,82,,,,,,
Salsa,167774,Mk10,13:25:39 12-Apr-2017,Argos,A,30.5763,-118.8040,833,3294,210,170,,,,,,
Salsa,167774,Mk10,13:36:58 12-Apr-2017,Argos,A,30.5788,-118.9140,2868,110401,74,80,,,,,,
Salsa,167774,Mk10,01:54:23 13-Apr-2017,Argos,B,31.0490,-119.2044,3535,126967,98,136,,,,,,
Salsa,167774,Mk10,02:15:06 13-Apr-2017,Argos,B,30.7654,-118.9120,743,1442,382,54,,,,,,
Salsa,167774,Mk10,02:18:31 13-Apr-2017,Argos,B,30.7726,-118.9109,459,5254,40,78,,,,,,
Salsa,167774,Mk10,05:56:23 13-Apr-2017,Argos,B,30.9186,-119.0250,1830,2959,1131,74,,,,,,
Salsa,167774,Mk10,01:58:57 14-Apr-2017,Argos,A,31.3169,-119.6340,2309,3826,1393,123,,,,,,
Salsa,167774,Mk10,02:04:14 14-Apr-2017,Argos,B,31.2984,-119.6298,2939,4845,1783,105,,,,,,
Salsa,167774,Mk10,02:58:51 14-Apr-2017,Argos,B,31.3311,-119.6613,5717,6978,4683,99,,,,,,
Salsa,167774,Mk10,01:33:48 15-Apr-2017,Argos,B,32.0735,-120.3634,16319,343173,776,5,,,,,,
Salsa,167774,Mk10,01:55:12 15-Apr-2017,Argos,A,31.8979,-120.3875,597,2944,121,165,,,,,,
Salsa,167774,Mk10,02:30:41 15-Apr-2017,Argos,B,31.9232,-120.4050,1122,1253,1004,146,,,,,,
Salsa,167774,Mk10,03:09:38 15-Apr-2017,Argos,B,32.0448,-120.4201,2494,5205,1194,10,,,,,,
Salsa,167774,Mk10,01:45:08 16-Apr-2017,Argos,B,32.4182,-121.0800,3919,306011,50,66,,,,,,
Salsa,167774,Mk10,01:59:44 16-Apr-2017,Argos,B,32.4540,-121.0384,2710,130419,56,66,,,,,,
Salsa,167774,Mk10,02:46:33 16-Apr-2017,Argos,A,32.4974,-120.9868,627,3137,125,116,,,,,,
Salsa,167774,Mk10,01:24:51 17-Apr-2017,Argos,B,33.1947,-121.1413,13873,18224,10561,58,,,,,,
Salsa,167774,Mk10,02:27:08 17-Apr-2017,Argos,B,33.2571,-121.1495,9574,14298,6410,66,,,,,,
Salsa,167774,Mk10,04:30:57 17-Apr-2017,Argos,B,33.3214,-121.1654,3191,18788,542,99,,,,,,
Salsa,167774,Mk10,05:27:08 17-Apr-2017,Argos,B,33.3269,-121.1093,2272,176849,29,86,,,,,,
Salsa,167774,Mk10,01:59:38 18-Apr-2017,Argos,B,33.3213,-121.1258,5349,9142,3129,94,,,,,,
Salsa,167774,Mk10,02:43:13 18-Apr-2017,Argos,B,33.4259,-121.1104,16530,22764,12002,69,,,,,,
Salsa,167774,Mk10,03:03:27 18-Apr-2017,Argos,1,33.4361,-120.9569,1188,2904,486,16,,,,,,
Salsa,167774,Mk10,04:15:35 18-Apr-2017,Argos,B,33.4224,-120.9639,2764,26577,287,124,,,,,,
Salsa,167774,Mk10,04:17:22 18-Apr-2017,Argos,B,33.4283,-120.9727,2267,11162,460,123,,,,,,
Salsa,167774,Mk10,05:03:29 18-Apr-2017,Argos,B,33.4027,-120.9599,1723,1887,1572,166,,,,,,
Salsa,167774,Mk10,02:03:23 19-Apr-2017,Argos,B,33.5119,-121.0519,4799,6121,3762,66,,,,,,
Salsa,167774,Mk10,04:46:53 19-Apr-2017,Argos,B,33.8781,-120.8114,16427,64109,4209,81,,,,,,
Salsa,167774,Mk10,02:38:36 20-Apr-2017,Argos,B,34.1122,-121.0870,22138,109948,4457,70,,,,,,
Salsa,167774,Mk10,04:21:40 20-Apr-2017,Argos,B,34.1587,-121.2489,26279,111882,6172,65,,,,,,
Salsa,167774,Mk10,13:16:23 20-Apr-2017,Argos,B,34.3051,-121.5428,7369,30013,1809,144,,,,,,
Salsa,167774,Mk10,01:09:42 21-Apr-2017,Argos,B,34.6855,-121.7105,13599,18400,10049,140,,,,,,
Salsa,167774,Mk10,02:19:45 21-Apr-2017,Argos,A,34.5967,-121.6912,662,4439,98,47,,,,,,
Salsa,167774,Mk10,02:27:54 21-Apr-2017,Argos,B,34.5947,-121.6702,1957,35205,108,73,,,,,,
Salsa,167774,Mk10,04:06:31 21-Apr-2017,Argos,B,34.6590,-121.7059,2278,5943,873,71,,,,,,
Salsa,167774,Mk10,04:06:31 21-Apr-2017,Argos,B,34.6407,-121.7018,3074,3214,2938,115,,,,,,
Salsa,167774,Mk10,04:51:07 21-Apr-2017,Argos,B,34.6697,-121.7346,3122,3252,2998,151,,,,,,
Salsa,167774,Mk10,03:33:37 22-Apr-2017,Argos,B,35.2682,-122.7182,8677,8932,8429,72,,,,,,
Salsa,167774,Mk10,03:46:31 22-Apr-2017,Argos,B,35.0512,-122.7118,8476,10288,6981,92,,,,,,
Salsa,167774,Mk10,01:33:28 23-Apr-2017,Argos,B,34.4130,-123.0213,5051,172248,148,91,,,,,,
Salsa,167774,Mk10,01:46:17 23-Apr-2017,Argos,B,34.4200,-123.0095,5409,23605,1239,91,,,,,,
Salsa,167774,Mk10,02:03:54 23-Apr-2017,Argos,B,34.4730,-122.9522,6174,21249,1793,95,,,,,,
Salsa,167774,Mk10,03:18:19 23-Apr-2017,Argos,B,34.5276,-122.9093,5834,13197,2578,99,,,,,,
Salsa,167774,Mk10,01:02:36 24-Apr-2017,Argos,B,35.4072,-123.2293,15835,28280,8866,108,,,,,,
Salsa,167774,Mk10,01:13:40 24-Apr-2017,Argos,B,34.9619,-123.7662,4521,10164,2011,101,,,,,,
Salsa,167774,Mk10,01:51:33 24-Apr-2017,Argos,B,35.1108,-123.7390,10747,54063,2136,102,,,,,,
Salsa,167774,Mk10,03:49:01 24-Apr-2017,Argos,B,34.7513,-122.5110,22127,62037,7892,89,,,,,,
Salsa,167774,Mk10,04:47:29 24-Apr-2017,Argos,B,34.7526,-122.2371,16912,29750,9613,87,,,,,,
Salsa,167774,Mk10,05:36:19 24-Apr-2017,Argos,B,34.7298,-122.1039,11741,16118,8551,70,,,,,,
Salsa,167774,Mk10,02:23:18 25-Apr-2017,Argos,B,34.7633,-121.9679,6906,27079,1761,109,,,,,,
Salsa,167774,Mk10,02:23:18 25-Apr-2017,Argos,B,34.8103,-121.9615,25874,40267,16625,118,,,,,,
Salsa,167774,Mk10,03:28:49 25-Apr-2017,Argos,B,34.7806,-121.7958,6294,18341,2159,105,,,,,,
Salsa,167774,Mk10,03:33:43 25-Apr-2017,Argos,B,34.7614,-121.8320,25107,41493,15192,63,,,,,,
Salsa,167774,Mk10,01:28:02 26-Apr-2017,Argos,B,34.6488,-121.8889,4582,9767,2149,99,,,,,,
Salsa,167774,Mk10,02:01:48 26-Apr-2017,Argos,B,34.6261,-121.8167,7296,22791,2335,95,,,,,,
Salsa,167774,Mk10,03:14:29 26-Apr-2017,Argos,B,34.6169,-121.7996,5173,126835,211,135,,,,,,
Salsa,167774,Mk10,03:34:17 26-Apr-2017,Argos,B,34.6293,-121.7726,4496,7301,2768,98,,,,,,
Salsa,167774,Mk10,03:34:17 26-Apr-2017,Argos,B,34.6307,-121.7639,3582,6956,1844,77,,,,,,
Salsa,167774,Mk10,04:54:37 26-Apr-2017,Argos,B,34.6244,-121.6203,2740,4697,1598,73,,,,,,
Salsa,167774,Mk10,01:14:09 27-Apr-2017,Argos,B,34.6076,-121.6073,5309,12060,2337,60,,,,,,
Salsa,167774,Mk10,01:14:37 27-Apr-2017,Argos,B,34.5210,-121.6791,3869,32488,460,81,,,,,,
Salsa,167774,Mk10,02:58:40 27-Apr-2017,Argos,B,34.5340,-121.3862,4513,31692,642,90,,,,,,
Salsa,167774,Mk10,03:07:51 27-Apr-2017,Argos,B,34.5238,-121.6598,3407,11574,1003,77,,,,,,
Salsa,167774,Mk10,04:30:38 27-Apr-2017,Argos,B,34.5698,-121.6443,7011,156481,314,81,,,,,,
Salsa,167774,Mk10,01:00:06 28-Apr-2017,Argos,B,34.5117,-120.4060,9362,19780,4431,104,,,,,,Lon > 4 deviations from mean
Salsa,167774,Mk10,01:02:22 28-Apr-2017,Argos,A,34.4245,-121.6356,426,553,327,149,,,,,,
Salsa,167774,Mk10,01:09:33 28-Apr-2017,Argos,2,34.4205,-121.6363,255,377,172,79,,,,,,
Salsa,167774,Mk10,02:30:21 28-Apr-2017,Argos,A,34.4028,-121.5580,2174,10827,436,108,,,,,,
Salsa,167774,Mk10,02:46:48 28-Apr-2017,Argos,B,34.4306,-121.5284,3338,4952,2250,88,,,,,,
Salsa,167774,Mk10,02:51:56 28-Apr-2017,Argos,B,34.4093,-121.5577,3207,23816,431,107,,,,,,
Salsa,167774,Mk10,05:00:20 28-Apr-2017,Argos,B,34.4437,-121.4490,4386,20875,921,85,,,,,,
Salsa,167774,Mk10,01:00:30 29-Apr-2017,Argos,B,34.4427,-121.4947,3951,20132,775,62,,,,,,
Salsa,167774,Mk10,01:59:26 29-Apr-2017,Argos,B,34.4268,-121.4773,3683,12986,1044,64,,,,,,
Salsa,167774,Mk10,05:28:58 29-Apr-2017,Argos,B,34.3988,-121.5385,2804,7720,1018,99,,,,,,
Salsa,167774,Mk10,01:24:34 30-Apr-2017,Argos,B,34.2825,-120.7390,7084,38998,1286,94,,,,,,Lon > 4 deviations from mean
Salsa,167774,Mk10,02:19:38 30-Apr-2017,Argos,B,34.2759,-120.8925,175301,,,,,,,,,
Salsa,167774,Mk10,03:03:53 30-Apr-2017,Argos,1,34.2800,-121.5883,855,1442,506,108,,,,,,
Salsa,167774,Mk10,03:36:26 30-Apr-2017,Argos,B,34.2758,-121.7114,11049,13759,8871,89,,,,,,
Salsa,167774,Mk10,04:05:43 30-Apr-2017,Argos,B,34.2722,-121.8221,14401,17993,11525,90,,,,,,
Salsa,167774,Mk10,02:05:59 01-May-2017,Argos,A,34.0911,-121.7148,9578,111595,822,82,,,,,,
Salsa,167774,Mk10,02:33:51 01-May-2017,Argos,A,34.0840,-121.6786,5613,26984,1167,97,,,,,,
Salsa,167774,Mk10,03:09:08 01-May-2017,Argos,B,34.0823,-121.6671,2484,5442,1133,96,,,,,,
Salsa,167774,Mk10,04:13:01 01-May-2017,Argos,B,34.0719,-121.6246,2362,4547,1226,93,,,,,,
Salsa,167774,Mk10,02:01:43 02-May-2017,Argos,2,34.0122,-122.1097,355,642,196,87,,,,,,
Salsa,167774,Mk10,02:07:52 02-May-2017,Argos,3,34.0106,-122.1102,158,256,97,99,,,,,,
Salsa,167774,Mk10,02:46:26 02-May-2017,Argos,3,34.0035,-122.1279,148,302,72,114,,,,,,
Salsa,167774,Mk10,03:35:25 02-May-2017,Argos,B,34.0016,-122.0787,7072,8454,5916,88,,,,,,
Salsa,167774,Mk10,01:32:00 03-May-2017,Argos,2,34.0333,-122.1914,422,1953,91,79,,,,,,
Salsa,167774,Mk10,01:47:06 03-May-2017,Argos,B,34.0348,-122.1899,580,2800,120,47,,,,,,
Salsa,167774,Mk10,02:21:01 03-May-2017,Argos,B,34.0298,-122.1850,644,12033,34,80,,,,,,
Salsa,167774,Mk10,03:09:21 03-May-2017,Argos,3,34.0149,-122.2111,196,472,81,84,,,,,,
Salsa,167774,Mk10,03:35:14 03-May-2017,Argos,B,34.0159,-122.2090,1703,2069,1400,92,,,,,,
Salsa,167774,Mk10,01:44:03 04-May-2017,Argos,B,33.8178,-122.1492,10352,10873,9856,58,,,,,,
Salsa,167774,Mk10,02:39:38 04-May-2017,Argos,1,33.6693,-122.2072,796,4396,144,100,,,,,,
Salsa,167774,Mk10,03:19:27 04-May-2017,Argos,B,33.6315,-122.2244,1415,12122,165,46,,,,,,
Salsa,167774,Mk10,03:44:33 04-May-2017,Argos,B,33.6756,-122.1834,3488,11553,1053,44,,,,,,
Salsa,167774,Mk10,18:38:29 04-May-2017,Argos,0,33.6561,-122.2134,3124,16950,575,123,,,,,,
Salsa,167774,Mk10,02:04:26 05-May-2017,Argos,3,33.6474,-122.0119,152,451,51,105,,,,,,
Salsa,167774,Mk10,03:08:49 05-May-2017,Argos,3,33.6607,-122.0082,180,464,69,79,,,,,,
Salsa,167774,Mk10,03:11:38 05-May-2017,Argos,2,33.6509,-122.0013,282,383,207,112,,,,,,
Salsa,167774,Mk10,03:23:32 05-May-2017,Argos,B,33.6605,-122.0073,798,961,663,88,,,,,,
Salsa,167774,Mk10,03:48:04 05-May-2017,Argos,A,33.6513,-121.9883,252,516,123,157,,,,,,
Salsa,167774,Mk10,05:02:17 05-May-2017,Argos,B,33.6374,-121.9795,1051,1714,644,84,,,,,,
Salsa,167774,Mk10,13:25:17 05-May-2017,Argos,1,33.6786,-121.9863,851,3345,216,74,,,,,,
Salsa,167774,Mk10,13:42:37 05-May-2017,Argos,B,33.6772,-121.9835,3991,5163,3085,85,,,,,,
Salsa,167774,Mk10,13:50:59 05-May-2017,Argos,A,33.6721,-121.9902,956,2678,340,31,,,,,,
Salsa,167774,Mk10,13:52:20 05-May-2017,Argos,2,33.6727,-121.9881,407,1186,139,74,,,,,,
Salsa,167774,Mk10,01:05:42 06-May-2017,Argos,B,33.5752,-121.8973,2190,43511,110,33,,,,,,
Salsa,167774,Mk10,01:16:26 06-May-2017,Argos,B,33.5795,-121.8924,478,1523,149,74,,,,,,
Salsa,167774,Mk10,01:34:15 06-May-2017,Argos,2,33.5844,-121.8848,496,1088,226,3,,,,,,
Salsa,167774,Mk10,02:51:25 06-May-2017,Argos,B,33.5686,-121.8642,1995,45077,88,23,,,,,,
Salsa,167774,Mk10,02:54:42 06-May-2017,Argos,A,33.5806,-121.8511,175,620,49,89,,,,,,
Salsa,167774,Mk10,04:01:23 06-May-2017,Argos,B,33.5738,-121.8467,1122,1342,937,87,,,,,,
Salsa,167774,Mk10,02:25:36 07-May-2017,Argos,B,33.4323,-121.7298,4680,6232,3514,116,,,,,,
Salsa,167774,Mk10,13:00:15 07-May-2017,Argos,B,33.8022,-121.9888,5069,15490,1658,100,,,,,,
Salsa,167774,Mk10,02:12:19 08-May-2017,Argos,B,33.8920,-122.3807,7169,55707,922,76,,,,,,
Salsa,167774,Mk10,02:35:29 08-May-2017,Argos,0,33.8934,-122.4623,1780,57708,54,72,,,,,,
Salsa,167774,Mk10,03:56:14 08-May-2017,Argos,B,33.9030,-122.4708,2064,5598,760,76,,,,,,
Salsa,167774,Mk10,04:01:54 08-May-2017,Argos,B,33.9120,-122.4703,2086,6985,623,77,,,,,,
Salsa,167774,Mk10,05:34:38 08-May-2017,Argos,B,33.9204,-122.4850,2454,5489,1097,78,,,,,,
Salsa,167774,Mk10,01:33:25 09-May-2017,Argos,3,34.0514,-122.7038,185,591,57,72,,,,,,
Salsa,167774,Mk10,01:41:15 09-May-2017,Argos,A,34.0596,-122.6939,558,1685,184,95,,,,,,
Salsa,167774,Mk10,02:16:27 09-May-2017,Argos,B,34.0630,-122.6997,2526,3479,1834,92,,,,,,
Salsa,167774,Mk10,04:03:17 09-May-2017,Argos,B,34.1123,-122.7394,2233,8466,589,70,,,,,,
Salsa,167774,Mk10,01:12:02 10-May-2017,Argos,B,34.1368,-123.0166,6031,14069,2585,87,,,,,,
Salsa,167774,Mk10,01:12:02 10-May-2017,Argos,B,34.1003,-122.8228,6328,21822,1834,80,,,,,,
Salsa,167774,Mk10,02:06:24 10-May-2017,Argos,B,34.0715,-122.9617,4346,10119,1866,94,,,,,,
Salsa,167774,Mk10,02:48:04 10-May-2017,Argos,2,34.0181,-122.9810,265,282,248,155,,,,,,
Salsa,167774,Mk10,02:51:48 10-May-2017,Argos,B,34.0187,-122.9816,419,2288,76,85,,,,,,
Salsa,167774,Mk10,04:17:53 10-May-2017,Argos,B,34.0047,-123.0273,2706,3320,2204,85,,,,,,
Salsa,167774,Mk10,02:02:13 11-May-2017,Argos,B,34.0111,-123.0028,5177,6719,3987,70,,,,,,
Salsa,167774,Mk10,02:20:54 11-May-2017,Argos,1,34.0158,-123.0041,870,2978,253,97,,,,,,
Salsa,167774,Mk10,02:22:42 11-May-2017,Argos,3,34.0124,-123.0026,164,413,65,70,,,,,,
Salsa,167774,Mk10,05:36:07 11-May-2017,Argos,B,33.9972,-123.0936,9391,11857,7436,94,,,,,,
Salsa,167774,Mk10,13:02:03 11-May-2017,Argos,B,34.0755,-123.0446,17361,42072,7163,97,,,,,,
Salsa,167774,Mk10,17:49:20 11-May-2017,Argos,1,34.1198,-122.8514,572,5470,59,105,,,,,,
Salsa,167774,Mk10,01:45:10 12-May-2017,Argos,3,34.1126,-122.8442,247,326,187,100,,,,,,
Salsa,167774,Mk10,01:48:01 12-May-2017,Argos,2,34.1142,-122.8451,270,390,187,75,,,,,,
Salsa,167774,Mk10,01:58:47 12-May-2017,Argos,B,34.1214,-122.8524,975,1539,617,65,,,,,,
Salsa,167774,Mk10,03:26:43 12-May-2017,Argos,A,34.1365,-122.8351,290,908,92,162,,,,,,
Salsa,167774,Mk10,03:28:01 12-May-2017,Argos,B,34.1436,-122.8366,506,703,364,147,,,,,,
Salsa,167774,Mk10,01:18:18 13-May-2017,Argos,3,34.2855,-122.9584,244,468,127,31,,,,,,
Salsa,167774,Mk10,01:30:58 13-May-2017,Argos,2,34.2737,-122.9521,379,554,258,32,,,,,,
Salsa,167774,Mk10,01:31:27 13-May-2017,Argos,2,34.2733,-122.9530,412,731,231,77,,,,,,
Salsa,167774,Mk10,02:58:30 13-May-2017,Argos,3,34.2644,-122.9466,172,216,136,36,,,,,,
Salsa,167774,Mk10,03:08:30 13-May-2017,Argos,B,34.2829,-122.9568,2553,3142,2073,81,,,,,,
Salsa,167774,Mk10,03:08:30 13-May-2017,Argos,B,34.2823,-122.9562,3271,3920,2730,89,,,,,,
Salsa,167774,Mk10,04:50:01 13-May-2017,Argos,B,34.2981,-122.9545,1775,2494,1262,101,,,,,,
Salsa,167774,Mk10,01:23:46 14-May-2017,Argos,B,34.2949,-122.9900,2319,40674,132,114,,,,,,
Salsa,167774,Mk10,02:22:33 14-May-2017,Argos,A,34.3007,-123.0058,292,3373,25,100,,,,,,
Salsa,167774,Mk10,02:47:18 14-May-2017,Argos,2,34.2955,-123.0145,376,701,201,56,,,,,,
Salsa,167774,Mk10,03:07:01 14-May-2017,Argos,B,34.2975,-123.0179,1652,2005,1360,87,,,,,,
Salsa,167774,Mk10,01:11:11 15-May-2017,Argos,B,34.5154,-123.1429,16613,38296,7206,69,,,,,,
Salsa,167774,Mk10,02:21:43 15-May-2017,Argos,B,34.4645,-123.3387,4854,94646,248,148,,,,,,
Salsa,167774,Mk10,02:53:25 15-May-2017,Argos,B,34.4646,-123.3692,4582,12140,1729,148,,,,,,
Salsa,167774,Mk10,03:38:33 15-May-2017,Argos,B,34.5047,-123.4159,4757,8980,2519,93,,,,,,
Salsa,167774,Mk10,01:22:41 16-May-2017,Argos,B,34.6819,-123.7097,7574,201582,284,20,,,,,,
Salsa,167774,Mk10,01:52:51 16-May-2017,Argos,B,34.7675,-123.7051,9151,28452,2942,21,,,,,,
Salsa,167774,Mk10,02:38:49 16-May-2017,Argos,B,34.8220,-123.7266,6508,10352,4090,49,,,,,,
Salsa,167774,Mk10,03:10:16 16-May-2017,Argos,B,34.8587,-123.7365,5806,12930,2607,77,,,,,,
Salsa,167774,Mk10,04:45:06 16-May-2017,Argos,B,35.0059,-123.8335,11841,21737,6449,83,,,,,,
Salsa,167774,Mk10,01:31:31 17-May-2017,Argos,3,35.1131,-123.6521,214,491,93,65,,,,,,
Salsa,167774,Mk10,02:25:31 17-May-2017,Argos,B,35.1632,-123.6806,1671,2092,1333,90,,,,,,
Salsa,167774,Mk10,02:36:32 17-May-2017,Argos,B,35.1311,-123.6627,1460,16045,132,108,,,,,,
Salsa,167774,Mk10,03:10:39 17-May-2017,Argos,B,35.1644,-123.6894,925,10362,82,134,,,,,,
Salsa,167774,Mk10,01:09:55 18-May-2017,Argos,A,35.6267,-124.1019,1967,4338,891,31,,,,,,
Salsa,167774,Mk10,02:06:19 18-May-2017,Argos,B,35.6691,-124.1321,16523,19950,13684,93,,,,,,
Salsa,167774,Mk10,02:15:53 18-May-2017,Argos,B,35.6738,-124.1473,38548,143493,10355,97,,,,,,
Salsa,167774,Mk10,02:46:32 18-May-2017,Argos,B,35.6966,-124.1440,1585,25952,96,123,,,,,,
Salsa,167774,Mk10,03:39:44 18-May-2017,Argos,B,35.7272,-124.1652,1133,16725,76,100,,,,,,
Salsa,167774,Mk10,03:54:44 18-May-2017,Argos,B,35.7378,-124.1710,1250,4653,335,100,,,,,,
Salsa,167774,Mk10,03:54:44 18-May-2017,Argos,B,35.7246,-124.1847,4267,6640,2741,134,,,,,,
Salsa,167774,Mk10,05:37:09 18-May-2017,Argos,B,35.8259,-124.2704,3832,4686,3133,154,,,,,,
Salsa,167774,Mk10,01:30:51 19-May-2017,Argos,A,35.6669,-124.5634,1063,2601,434,46,,,,,,
Salsa,167774,Mk10,02:20:49 19-May-2017,Argos,B,35.6597,-124.5642,3277,44672,240,69,,,,,,
Salsa,167774,Mk10,03:16:12 19-May-2017,Argos,2,35.6490,-124.5722,283,662,121,105,,,,,,
Salsa,167774,Mk10,03:34:09 19-May-2017,Argos,B,35.6511,-124.5760,2350,2937,1880,88,,,,,,
Salsa,167774,Mk10,01:55:25 20-May-2017,Argos,2,35.4811,-124.8183,456,1010,206,99,,,,,,
Salsa,167774,Mk10,02:01:04 20-May-2017,Argos,2,35.4743,-124.8292,353,2382,52,77,,,,,,
Salsa,167774,Mk10,03:33:07 20-May-2017,Argos,3,35.4672,-124.8219,227,808,63,105,,,,,,
Salsa,167774,Mk10,03:39:02 20-May-2017,Argos,1,35.4468,-124.7932,922,1616,525,151,,,,,,
Salsa,167774,Mk10,04:57:52 20-May-2017,Argos,B,35.4665,-124.8305,11766,14497,9550,91,,,,,,
Salsa,167774,Mk10,02:07:28 21-May-2017,Argos,B,35.3318,-124.9152,8522,490391,148,102,,,,,,
Salsa,167774,Mk10,03:14:02 21-May-2017,Argos,B,35.3060,-124.8352,4109,22399,753,99,,,,,,
Salsa,167774,Mk10,03:22:32 21-May-2017,Argos,B,35.2859,-124.7028,824,4790,141,167,,,,,,
Salsa,167774,Mk10,03:54:00 21-May-2017,Argos,B,35.2791,-124.6811,1815,2734,1205,164,,,,,,
Salsa,167774,Mk10,04:27:14 21-May-2017,Argos,B,35.2745,-124.6589,2844,3358,2408,152,,,,,,
Salsa,167774,Mk10,05:30:42 21-May-2017,Argos,B,35.2667,-124.6275,2948,4070,2135,111,,,,,,
Salsa,167774,Mk10,01:07:23 22-May-2017,Argos,1,35.4058,-124.5601,1136,4508,286,31,,,,,,
Salsa,167774,Mk10,01:25:57 22-May-2017,Argos,3,35.4135,-124.5664,149,177,124,70,,,,,,
Salsa,167774,Mk10,01:36:33 22-May-2017,Argos,1,35.4143,-124.5526,1171,3844,356,115,,,,,,
Salsa,167774,Mk10,02:48:43 22-May-2017,Argos,3,35.4273,-124.5410,149,270,81,70,,,,,,
Salsa,167774,Mk10,03:12:10 22-May-2017,Argos,3,35.4373,-124.5304,159,308,81,100,,,,,,
Salsa,167774,Mk10,03:21:30 22-May-2017,Argos,3,35.4451,-124.5577,228,315,164,106,,,,,,
Salsa,167774,Mk10,04:11:34 22-May-2017,Argos,B,35.4546,-124.5396,2476,3271,1873,85,,,,,,
Salsa,167774,Mk10,01:06:38 23-May-2017,Argos,B,35.6539,-124.6924,4490,10823,1862,162,,,,,,
Salsa,167774,Mk10,01:22:44 23-May-2017,Argos,A,35.6797,-124.7106,2451,10701,561,74,,,,,,
Salsa,167774,Mk10,02:23:00 23-May-2017,Argos,3,35.6776,-124.7221,173,486,61,73,,,,,,
Salsa,167774,Mk10,02:45:48 23-May-2017,Argos,1,35.6768,-124.7268,1210,26048,56,101,,,,,,
Salsa,167774,Mk10,03:00:15 23-May-2017,Argos,2,35.6758,-124.7325,328,1337,80,80,,,,,,
Salsa,167774,Mk10,04:00:31 23-May-2017,Argos,B,35.6850,-124.7123,1740,2246,1347,86,,,,,,
Salsa,167774,Mk10,01:04:40 24-May-2017,Argos,A,35.6403,-124.7999,412,1089,155,9,,,,,,
Salsa,167774,Mk10,01:05:03 24-May-2017,Argos,B,35.6409,-124.7993,426,1076,168,11,,,,,,
Salsa,167774,Mk10,03:37:07 24-May-2017,Argos,A,35.6598,-124.8323,578,1665,200,3,,,,,,
Salsa,167774,Mk10,03:56:37 24-May-2017,Argos,A,35.6473,-124.8386,394,1288,120,20,,,,,,
Salsa,167774,Mk10,04:32:27 24-May-2017,Argos,B,35.6460,-124.8396,887,991,793,78,,,,,,
Salsa,167774,Mk10,01:35:50 25-May-2017,Argos,A,35.5876,-124.8239,427,1666,109,11,,,,,,
Salsa,167774,Mk10,02:35:03 25-May-2017,Argos,A,35.6050,-124.8468,1172,3049,450,114,,,,,,
Salsa,167774,Mk10,03:16:50 25-May-2017,Argos,1,35.5872,-124.8219,807,977,665,157,,,,,,
Salsa,167774,Mk10,03:20:44 25-May-2017,Argos,A,35.5748,-124.8133,1168,6905,197,121,,,,,,
Salsa,167774,Mk10,04:45:12 25-May-2017,Argos,1,35.6255,-124.8803,1087,1912,618,52,,,,,,
Salsa,167774,Mk10,02:52:59 26-May-2017,Argos,B,35.7279,-125.2483,27084,154991,4732,103,,,,,,
Salsa,167774,Mk10,04:02:37 26-May-2017,Argos,B,35.6885,-125.0968,28224,180047,4424,97,,,,,,
Salsa,167774,Mk10,04:33:15 26-May-2017,Argos,B,35.6897,-125.0969,19128,96316,3798,92,,,,,,
Salsa,167774,Mk10,04:33:15 26-May-2017,Argos,B,35.6894,-125.0983,3105,14699,655,89,,,,,,
Salsa,167774,Mk10,05:26:04 26-May-2017,Argos,A,35.6846,-125.0743,1475,98846,22,77,,,,,,
Salsa,167774,Mk10,03:49:27 27-May-2017,Argos,A,35.6180,-125.0788,1679,34213,82,82,,,,,,
Salsa,167774,Mk10,04:06:34 27-May-2017,Argos,B,35.6148,-125.0946,1706,8487,342,83,,,,,,
Salsa,167774,Mk10,05:04:31 27-May-2017,Argos,B,35.6157,-125.1250,1739,3985,758,79,,,,,,
Salsa,167774,Mk10,01:48:21 28-May-2017,Argos,3,35.7680,-125.3216,185,243,140,84,,,,,,
Salsa,167774,Mk10,01:58:34 28-May-2017,Argos,0,35.7723,-125.3200,1915,4052,904,168,,,,,,
Salsa,167774,Mk10,02:03:10 28-May-2017,Argos,2,35.7660,-125.3228,251,1826,34,78,,,,,,
Salsa,167774,Mk10,03:28:11 28-May-2017,Argos,B,35.7685,-125.3353,1669,2060,1351,101,,,,,,
Salsa,167774,Mk10,03:40:12 28-May-2017,Argos,1,35.7777,-125.3357,855,2251,324,124,,,,,,
Salsa,167774,Mk10,03:41:29 28-May-2017,Argos,0,35.7746,-125.3245,3133,17832,550,76,,,,,,
Salsa,167774,Mk10,03:46:50 28-May-2017,Argos,B,35.7782,-125.3357,884,1190,656,95,,,,,,
Salsa,167774,Mk10,05:28:37 28-May-2017,Argos,B,35.7948,-125.3534,4459,7792,2551,83,,,,,,
Salsa,167774,Mk10,13:02:52 28-May-2017,Argos,B,35.7937,-125.4392,9669,14160,6602,98,,,,,,
Salsa,167774,Mk10,01:21:37 29-May-2017,Argos,B,35.7233,-125.5411,4891,16115,1484,103,,,,,,
Salsa,167774,Mk10,01:33:46 29-May-2017,Argos,3,35.6764,-125.5280,188,360,97,74,,,,,,
Salsa,167774,Mk10,01:46:13 29-May-2017,Argos,2,35.6804,-125.5274,329,466,231,93,,,,,,
Salsa,167774,Mk10,03:17:07 29-May-2017,Argos,B,35.6786,-125.5443,2614,3237,2111,94,,,,,,
Salsa,167774,Mk10,02:47:28 30-May-2017,Argos,B,35.4512,-125.4399,3716,40902,337,40,,,,,,
Salsa,167774,Mk10,03:21:18 30-May-2017,Argos,B,35.4454,-125.4474,6643,15798,2793,42,,,,,,
Salsa,167774,Mk10,03:07:32 31-May-2017,Argos,1,35.2530,-125.1100,1075,2723,424,73,,,,,,
Salsa,167774,Mk10,04:45:19 31-May-2017,Argos,B,35.2501,-125.1155,11893,15137,9344,85,,,,,,
Salsa,167774,Mk10,16:46:21 31-May-2017,Argos,A,35.5808,-125.2181,1381,4379,435,147,,,,,,
Salsa,167774,Mk10,01:11:48 01-Jun-2017,Argos,B,35.6240,-125.2337,3917,6537,2347,152,,,,,,
Salsa,167774,Mk10,01:12:26 01-Jun-2017,Argos,2,35.6212,-125.2071,481,907,254,143,,,,,,
Salsa,167774,Mk10,01:23:44 01-Jun-2017,Argos,0,35.6295,-125.2169,1534,2833,830,156,,,,,,
Salsa,167774,Mk10,01:57:25 01-Jun-2017,Argos,2,35.6219,-125.2344,256,708,92,74,,,,,,
Salsa,167774,Mk10,02:58:12 01-Jun-2017,Argos,0,35.6687,-125.2067,1609,25695,100,75,,,,,,
Salsa,167774,Mk10,03:11:45 01-Jun-2017,Argos,3,35.6622,-125.2725,141,299,66,107,,,,,,
Salsa,167774,Mk10,03:35:55 01-Jun-2017,Argos,B,35.6324,-125.2635,5332,7055,4029,84,,,,,,
Salsa,167774,Mk10,04:07:14 01-Jun-2017,Argos,B,35.6752,-125.2907,1002,1241,808,82,,,,,,
Salsa,167774,Mk10,04:44:26 01-Jun-2017,Argos,B,35.6879,-125.2748,1379,1793,1060,86,,,,,,
Salsa,167774,Mk10,04:59:22 01-Jun-2017,Argos,B,35.6927,-125.3177,1021,9732,107,142,,,,,,
Salsa,167774,Mk10,01:01:41 02-Jun-2017,Argos,B,36.1026,-125.6271,3966,8027,1959,95,,,,,,
Salsa,167774,Mk10,01:02:27 02-Jun-2017,Argos,B,36.0864,-125.5894,2561,14573,450,171,,,,,,
Salsa,167774,Mk10,01:30:41 02-Jun-2017,Argos,B,36.1082,-125.5966,2566,8323,791,170,,,,,,
Salsa,167774,Mk10,02:34:38 02-Jun-2017,Argos,B,36.2481,-125.6135,1219,2633,564,98,,,,,,
Salsa,167774,Mk10,02:44:57 02-Jun-2017,Argos,A,36.2860,-125.6137,1307,3661,466,65,,,,,,
Salsa,167774,Mk10,03:18:22 02-Jun-2017,Argos,B,36.3182,-125.6418,3806,5692,2544,84,,,,,,
Salsa,167774,Mk10,04:12:03 02-Jun-2017,Argos,A,36.3632,-125.5764,1449,6398,328,172,,,,,,
Salsa,167774,Mk10,01:07:58 03-Jun-2017,Argos,2,36.4293,-125.3054,468,559,391,80,,,,,,
Salsa,167774,Mk10,03:25:10 03-Jun-2017,Argos,B,36.4327,-125.3044,5075,15318,1681,129,,,,,,
Salsa,167774,Mk10,03:46:16 03-Jun-2017,Argos,B,36.4370,-125.3071,5388,9619,3018,133,,,,,,
Salsa,167774,Mk10,04:15:31 03-Jun-2017,Argos,B,36.4604,-125.3029,1441,2149,966,110,,,,,,
Salsa,167774,Mk10,05:07:03 03-Jun-2017,Argos,B,36.4815,-125.3018,1699,2050,1408,115,,,,,,
Salsa,167774,Mk10,13:08:41 03-Jun-2017,Argos,B,36.4123,-125.3546,2588,21110,317,128,,,,,,
Salsa,167774,Mk10,13:25:21 03-Jun-2017,Argos,B,36.4198,-125.3634,1922,7268,508,126,,,,,,
Salsa,167774,Mk10,01:31:06 04-Jun-2017,Argos,2,36.4296,-125.3846,336,603,186,131,,,,,,
Salsa,167774,Mk10,02:25:30 04-Jun-2017,Argos,A,36.4387,-125.3879,707,13892,36,72,,,,,,
Salsa,167774,Mk10,02:26:17 04-Jun-2017,Argos,B,36.4383,-125.3886,529,3401,82,72,,,,,,
Salsa,167774,Mk10,03:12:59 04-Jun-2017,Argos,3,36.4465,-125.3747,168,359,78,105,,,,,,
Salsa,167774,Mk10,04:39:53 04-Jun-2017,Argos,B,36.4260,-125.3697,1741,5678,533,87,,,,,,
Salsa,167774,Mk10,05:39:36 04-Jun-2017,Argos,B,36.4564,-125.3822,2234,89726,55,74,,,,,,
Salsa,167774,Mk10,01:54:53 05-Jun-2017,Argos,B,36.6223,-125.4537,6111,10424,3582,93,,,,,,
Salsa,167774,Mk10,02:42:48 05-Jun-2017,Argos,1,36.4578,-125.3818,1302,12527,135,99,,,,,,
Salsa,167774,Mk10,03:48:32 05-Jun-2017,Argos,B,36.4187,-125.3634,6289,8697,4547,83,,,,,,
Salsa,167774,Mk10,05:14:53 05-Jun-2017,Argos,B,36.4397,-125.3742,5750,223987,147,71,,,,,,
Salsa,167774,Mk10,05:59:47 05-Jun-2017,Argos,B,36.4406,-125.3723,1449,3473,604,70,,,,,,
Salsa,167774,Mk10,01:33:41 06-Jun-2017,Argos,A,36.3067,-124.9735,1161,12562,107,55,,,,,,
Salsa,167774,Mk10,01:59:42 06-Jun-2017,Argos,B,36.2877,-124.9590,1288,8884,186,59,,,,,,
Salsa,167774,Mk10,02:15:46 06-Jun-2017,Argos,1,36.2823,-124.9371,917,6108,137,102,,,,,,
Salsa,167774,Mk10,03:12:51 06-Jun-2017,Argos,3,36.2686,-124.9289,239,439,130,115,,,,,,
Salsa,167774,Mk10,03:42:18 06-Jun-2017,Argos,B,36.2623,-124.9204,761,1741,332,106,,,,,,
Salsa,167774,Mk10,03:50:50 06-Jun-2017,Argos,B,36.2538,-124.9161,826,8495,80,111,,,,,,
Salsa,167774,Mk10,05:37:26 06-Jun-2017,Argos,B,36.1842,-124.8593,1093,23799,50,69,,,,,,
Salsa,167774,Mk10,03:16:48 07-Jun-2017,Argos,1,35.7301,-124.2613,778,1806,334,128,,,,,,
Salsa,167774,Mk10,03:26:11 07-Jun-2017,Argos,3,35.7255,-124.2651,133,174,100,99,,,,,,
Salsa,167774,Mk10,03:17:12 08-Jun-2017,Argos,0,35.5249,-123.9418,8378,115835,605,86,,,,,,
Salsa,167774,Mk10,03:20:53 08-Jun-2017,Argos,1,35.5271,-123.9204,716,1526,335,123,,,,,,
Salsa,167774,Mk10,04:03:14 08-Jun-2017,Argos,B,35.5169,-123.9047,2204,2786,1743,94,,,,,,
Salsa,167774,Mk10,04:58:49 08-Jun-2017,Argos,B,35.5290,-123.9001,3057,4854,1924,106,,,,,,
Salsa,167774,Mk10,13:00:20 08-Jun-2017,Argos,B,35.5281,-123.7856,5527,10199,2995,88,,,,,,
Salsa,167774,Mk10,03:08:17 09-Jun-2017,Argos,B,35.4878,-123.6597,6915,17698,2701,101,,,,,,
Salsa,167774,Mk10,03:40:43 09-Jun-2017,Argos,B,35.5723,-123.7226,43885,270952,7107,110,,,,,,
Salsa,167774,Mk10,03:56:55 09-Jun-2017,Argos,Z,35.7019,-124.0654,9560,76630,1192,105,,,,,,
Salsa,167774,Mk10,04:37:44 09-Jun-2017,Argos,B,35.6327,-123.8952,11057,55857,2188,91,,,,,,
Salsa,167774,Mk10,13:33:33 09-Jun-2017,Argos,B,35.6241,-123.8175,14278,,,,,,,,,
Salsa,167774,Mk10,13:43:39 09-Jun-2017,Argos,B,35.6629,-123.5421,10955,147329,814,82,,,,,,
Salsa,167774,Mk10,18:42:10 09-Jun-2017,Argos,2,35.6552,-123.4341,258,1022,65,112,,,,,,
Salsa,167774,Mk10,01:06:44 10-Jun-2017,Argos,A,35.6119,-123.3709,230,330,159,178,,,,,,
Salsa,167774,Mk10,03:10:53 10-Jun-2017,Argos,1,35.6082,-123.3337,762,1232,470,34,,,,,,
Salsa,167774,Mk10,03:28:15 10-Jun-2017,Argos,B,35.6070,-123.3339,2931,3641,2358,85,,,,,,
Salsa,167774,Mk10,02:40:08 11-Jun-2017,Argos,B,35.4955,-123.0726,16362,85485,3131,76,,,,,,
Salsa,167774,Mk10,04:20:41 11-Jun-2017,Argos,B,35.5138,-122.9619,19020,81759,4424,77,,,,,,
Salsa,167774,Mk10,05:35:06 11-Jun-2017,Argos,B,35.5215,-122.7288,6683,147942,301,58,,,,,,
Salsa,167774,Mk10,13:22:50 11-Jun-2017,Argos,B,35.2896,-122.3633,7566,13366,4282,91,,,,,,
Salsa,167774,Mk10,13:29:01 11-Jun-2017,Argos,B,35.1380,-122.3176,4011,77325,208,86,,,,,,
Salsa,167774,Mk10,16:18:45 11-Jun-2017,Argos,B,35.1305,-122.3246,1544,8517,279,36,,,,,,
Salsa,167774,Mk10,03:39:54 12-Jun-2017,Argos,B,35.0751,-122.2816,3390,5698,2017,59,,,,,,
Salsa,167774,Mk10,04:02:03 12-Jun-2017,Argos,B,34.8354,-122.6806,31575,105357,9462,85,,,,,,
Salsa,167774,Mk10,04:02:03 12-Jun-2017,Argos,B,35.0133,-122.5484,3879,7351,2046,84,,,,,,
Salsa,167774,Mk10,05:13:45 12-Jun-2017,Argos,B,34.9848,-122.5356,36443,70463,18847,87,,,,,,
Salsa,167774,Mk10,13:37:31 12-Jun-2017,Argos,0,34.6054,-122.7568,2317,11279,476,79,,,,,,
Salsa,167774,Mk10,03:16:15 13-Jun-2017,Argos,A,35.0488,-123.3732,16118,59949,4333,168,,,,,,
Salsa,167774,Mk10,03:31:58 13-Jun-2017,Argos,B,34.5878,-122.9649,14311,68778,2977,10,,,,,,
Salsa,167774,Mk10,03:39:44 13-Jun-2017,Argos,B,34.5749,-122.9681,11206,20778,6043,29,,,,,,
Salsa,167774,Mk10,03:55:39 13-Jun-2017,Argos,B,34.5452,-122.9605,2206,3545,1373,17,,,,,,
Salsa,167774,Mk10,13:09:09 13-Jun-2017,Argos,B,34.3497,-122.8491,2176,74480,63,68,,,,,,
Salsa,167774,Mk10,01:23:26 14-Jun-2017,Argos,B,34.1903,-122.6832,3510,6934,1776,97,,,,,,
Salsa,167774,Mk10,01:31:59 14-Jun-2017,Argos,3,34.1459,-122.5634,190,474,75,93,,,,,,
Salsa,167774,Mk10,02:55:40 14-Jun-2017,Argos,B,34.1234,-122.5473,1268,1549,1037,89,,,,,,
Salsa,167774,Mk10,03:08:41 14-Jun-2017,Argos,B,34.1246,-122.4752,928,8058,106,167,,,,,,
Salsa,167774,Mk10,03:42:03 14-Jun-2017,Argos,B,34.0975,-122.5298,1891,2466,1449,132,,,,,,
Salsa,167774,Mk10,04:34:26 14-Jun-2017,Argos,B,33.9171,-122.4199,4998,11978,2085,82,,,,,,
Salsa,167774,Mk10,01:47:28 15-Jun-2017,Argos,B,32.3311,-121.2983,22315,31513,15801,104,,,,,,
Salsa,167774,Mk10,02:50:33 15-Jun-2017,Argos,Z,33.0849,-121.9725,320822,,,,,,,,,
Salsa,167774,Mk10,03:32:56 15-Jun-2017,Argos,B,33.0245,-121.8421,230,251,210,110,,,,,,
Salsa,167774,Mk10,13:24:43 15-Jun-2017,Argos,A,32.3371,-121.2781,7815,31518,1937,33,,,,,,
Salsa,167774,Mk10,15:25:33 15-Jun-2017,Argos,B,32.2995,-121.2547,13796,47949,3969,51,,,,,,
Salsa,167774,Mk10,15:53:24 15-Jun-2017,Argos,3,32.2883,-121.2333,176,309,100,103,,,,,,
Salsa,167774,Mk10,16:33:42 15-Jun-2017,Argos,A,32.2655,-121.2444,724,1887,278,175,,,,,,
Salsa,167774,Mk10,16:44:04 15-Jun-2017,Argos,B,32.2684,-121.2460,446,760,261,53,,,,,,
Salsa,167774,Mk10,17:30:08 15-Jun-2017,Argos,B,32.2387,-121.2386,738,15234,35,90,,,,,,
Salsa,167774,Mk10,17:39:03 15-Jun-2017,Argos,B,32.2387,-121.2387,845,2699,264,90,,,,,,
Salsa,167774,Mk10,18:17:36 15-Jun-2017,Argos,3,32.2136,-121.1957,160,451,56,112,,,,,,
Salsa,167774,Mk10,01:42:38 16-Jun-2017,Argos,B,31.9844,-121.0043,6360,9448,4280,55,,,,,,
Salsa,167774,Mk10,01:25:08 17-Jun-2017,Argos,B,31.3802,-120.5542,19459,34277,11046,160,,,,,,
Salsa,167774,Mk10,01:57:02 17-Jun-2017,Argos,A,31.0525,-120.7369,41232,,,,,,,,,
Salsa,167774,Mk10,03:07:14 17-Jun-2017,Argos,B,30.9539,-120.5028,5820,213306,158,91,,,,,,
Salsa,167774,Mk10,03:07:16 17-Jun-2017,Argos,A,30.9607,-120.6998,357,1038,122,74,,,,,,
Salsa,167774,Mk10,01:35:27 18-Jun-2017,Argos,B,28.7192,-120.1248,3398,59136,195,168,,,,,,
Salsa,167774,Mk10,02:35:38 18-Jun-2017,Argos,A,30.1467,-120.1804,4370,34266,557,84,,,,,,
Salsa,167774,Mk10,02:59:10 18-Jun-2017,Argos,1,30.1384,-120.1604,677,836,548,81,,,,,,
Salsa,167774,Mk10,01:09:28 19-Jun-2017,Argos,B,29.9747,-119.7426,20073,35255,11428,46,,,,,,
Salsa,167774,Mk10,02:48:25 19-Jun-2017,Argos,B,29.9541,-119.7614,14556,19374,10936,30,,,,,,
Salsa,167774,Mk10,02:48:51 19-Jun-2017,Argos,B,29.4222,-119.6859,3544,54112,232,116,,,,,,
Salsa,167774,Mk10,03:44:56 19-Jun-2017,Argos,B,29.4208,-119.6869,5108,9722,2683,113,,,,,,
Salsa,167774,Mk10,04:32:18 19-Jun-2017,Argos,B,29.3931,-119.6432,5384,7140,4058,93,,,,,,
Salsa,167774,Mk10,13:14:37 19-Jun-2017,Argos,1,28.9653,-119.2649,1326,2799,628,78,,,,,,
Salsa,167774,Mk10,13:27:55 19-Jun-2017,Argos,3,28.9708,-119.2401,221,264,184,60,,,,,,
Salsa,167774,Mk10,13:30:14 19-Jun-2017,Argos,1,28.9706,-119.2413,647,783,534,143,,,,,,
Salsa,167774,Mk10,13:30:14 19-Jun-2017,Argos,1,28.9690,-119.2477,1056,1699,656,2,,,,,,
Salsa,167774,Mk10,14:58:10 19-Jun-2017,Argos,2,28.9277,-119.2290,398,531,297,164,,,,,,
Salsa,167774,Mk10,15:04:06 19-Jun-2017,Argos,3,28.9242,-119.2204,165,270,100,103,,,,,,
Salsa,167774,Mk10,15:07:04 19-Jun-2017,Argos,1,28.9237,-119.2380,704,7161,69,102,,,,,,
Salsa,167774,Mk10,02:26:27 20-Jun-2017,Argos,A,28.6614,-118.9251,339,408,281,29,,,,,,
Salsa,167774,Mk10,02:34:15 20-Jun-2017,Argos,0,28.6550,-118.9080,2814,71001,111,77,,,,,,
Salsa,167774,Mk10,04:16:57 20-Jun-2017,Argos,B,28.6093,-118.8805,5160,7687,3464,86,,,,,,
Salsa,167774,Mk10,05:08:40 20-Jun-2017,Argos,B,28.6252,-118.8971,8011,16913,3794,128,,,,,,
Salsa,167774,Mk10,05:44:46 20-Jun-2017,Argos,B,28.5764,-118.8484,7181,13465,3829,133,,,,,,
Salsa,167774,Mk10,14:23:57 20-Jun-2017,Argos,1,28.0080,-118.4531,787,2945,210,99,,,,,,
Salsa,167774,Mk10,01:07:29 21-Jun-2017,Argos,B,27.3849,-118.1563,7863,12585,4912,115,,,,,,
Salsa,167774,Mk10,02:25:37 21-Jun-2017,Argos,B,27.3462,-118.1119,6684,12362,3613,111,,,,,,
Salsa,167774,Mk10,02:43:23 21-Jun-2017,Argos,A,27.5706,-118.8551,1266,4634,345,101,,,,,,
Salsa,167774,Mk10,03:45:14 21-Jun-2017,Argos,B,27.5688,-118.8556,9958,11725,8457,93,,,,,,
Salsa,167774,Mk10,15:56:08 21-Jun-2017,Argos,B,27.2728,-119.0596,20254,33973,12075,114,,,,,,
Salsa,167774,Mk10,02:13:55 22-Jun-2017,Argos,0,27.3253,-120.3559,26189,99600,6886,100,,,,,,
Salsa,167774,Mk10,02:14:29 22-Jun-2017,Argos,1,27.2574,-120.0369,1091,3249,366,104,,,,,,
Salsa,167774,Mk10,13:19:22 22-Jun-2017,Argos,B,27.2773,-120.4490,20871,25251,17250,105,,,,,,
Salsa,167774,Mk10,01:01:12 23-Jun-2017,Argos,B,27.2793,-120.4479,23436,31308,17543,108,,,,,,
Salsa,167774,Mk10,01:44:10 23-Jun-2017,Argos,A,27.2791,-119.7524,1514,8342,274,124,,,,,,
Salsa,167774,Mk10,01:54:01 23-Jun-2017,Argos,B,27.2810,-119.8247,247,1234,49,77,,,,,,
Salsa,167774,Mk10,02:47:08 23-Jun-2017,Argos,B,27.3097,-119.7791,1177,6950,199,39,,,,,,
Salsa,167774,Mk10,03:33:49 23-Jun-2017,Argos,B,27.3069,-119.7807,4775,5470,4167,74,,,,,,
Salsa,167774,Mk10,18:05:31 23-Jun-2017,Argos,0,27.7221,-119.6889,1803,14107,230,111,,,,,,
Salsa,167774,Mk10,01:14:12 24-Jun-2017,Argos,B,27.7974,-119.6648,24650,34542,17589,116,,,,,,
Salsa,167774,Mk10,02:26:38 24-Jun-2017,Argos,B,27.8459,-119.7746,18895,184135,1938,165,,,,,,
Salsa,167774,Mk10,02:49:22 24-Jun-2017,Argos,B,27.9575,-119.8038,4811,13794,1677,160,,,,,,
Salsa,167774,Mk10,03:26:29 24-Jun-2017,Argos,B,28.0132,-119.7299,1887,4580,777,105,,,,,,
Salsa,167774,Mk10,13:02:06 24-Jun-2017,Argos,B,28.5934,-119.6610,10422,20910,5194,176,,,,,,
Salsa,167774,Mk10,14:03:39 24-Jun-2017,Argos,1,28.5430,-119.6132,538,956,302,44,,,,,,
Salsa,167774,Mk10,14:12:04 24-Jun-2017,Argos,1,28.5415,-119.6067,782,2923,208,109,,,,,,
Salsa,167774,Mk10,01:59:29 25-Jun-2017,Argos,B,28.7877,-119.5877,4605,36895,574,94,,,,,,
Salsa,167774,Mk10,01:45:19 26-Jun-2017,Argos,2,28.3854,-117.9438,435,1094,173,140,,,,,,
Salsa,167774,Mk10,03:06:26 26-Jun-2017,Argos,2,28.3824,-117.8780,366,680,197,83,,,,,,
Salsa,167774,Mk10,03:10:53 26-Jun-2017,Argos,2,28.3890,-117.8680,376,465,303,23,,,,,,
Salsa,167774,Mk10,03:27:29 26-Jun-2017,Argos,B,28.3811,-117.8689,1421,4514,447,30,,,,,,
Salsa,167774,Mk10,03:49:11 26-Jun-2017,Argos,B,28.3810,-117.8696,3093,4016,2381,42,,,,,,
Salsa,167774,Mk10,05:22:19 26-Jun-2017,Argos,B,28.3657,-117.8364,1138,6036,214,67,,,,,,
Salsa,167774,Mk10,13:51:45 26-Jun-2017,Argos,A,28.1345,-117.7300,1177,3038,455,6,,,,,,
Salsa,167774,Mk10,13:52:07 26-Jun-2017,Argos,A,28.1334,-117.7297,1055,2564,433,8,,,,,,
Salsa,167774,Mk10,01:08:38 27-Jun-2017,Argos,B,28.1367,-117.6951,5002,44757,559,55,,,,,,
Salsa,167774,Mk10,01:10:42 27-Jun-2017,Argos,2,28.0774,-117.8070,340,498,231,150,,,,,,
Salsa,167774,Mk10,01:16:28 27-Jun-2017,Argos,3,28.0740,-117.8056,204,247,167,122,,,,,,
Salsa,167774,Mk10,02:45:09 27-Jun-2017,Argos,A,28.0263,-117.8658,338,404,282,76,,,,,,
Salsa,167774,Mk10,02:52:57 27-Jun-2017,Argos,2,28.0240,-117.8655,259,307,217,144,,,,,,
Salsa,167774,Mk10,02:55:53 27-Jun-2017,Argos,2,28.0225,-117.8696,282,518,153,64,,,,,,
Salsa,167774,Mk10,03:23:18 27-Jun-2017,Argos,B,28.0062,-117.8876,725,2496,210,139,,,,,,
Salsa,167774,Mk10,02:22:55 28-Jun-2017,Argos,B,27.7540,-117.9184,3546,151116,83,86,,,,,,
Salsa,167774,Mk10,02:25:56 28-Jun-2017,Argos,2,27.7657,-117.7914,301,624,145,86,,,,,,
Salsa,167774,Mk10,02:38:08 28-Jun-2017,Argos,B,27.7627,-117.7915,927,1081,794,88,,,,,,
Salsa,167774,Mk10,13:28:28 28-Jun-2017,Argos,B,27.7100,-117.6345,2564,17194,382,29,,,,,,
Salsa,167774,Mk10,13:35:38 28-Jun-2017,Argos,1,27.8889,-117.5250,843,7707,92,80,,,,,,
